-1.1225880264394528,1.8433039291606088,4.474816092923323,8.044533210155816,cluster1,1
1.19248616235589,4.195326835870224,4.42506701317015,-6.586156445663434,cluster1,2
4.154334409294135,7.132693956358615,-2.562929331909723,-3.201779055756046,cluster1,1
-0.26875571152551037,2.6856173198839746,-7.728991679083558,2.9515697323821644,cluster1,0
-1.0201222573228974,1.914245148454542,2.423333101584679,8.555993464579064,cluster1,1
1.3427356732032836,4.325413556184377,3.8560574197212465,0.6742889331514785,cluster1,0
4.431321698217364,7.4035985434544695,9.992971246744897,6.9452316821968445,cluster1,2
-0.8849161771251326,2.068749334048838,0.021289744806509248,4.5417164977493165,cluster1,1
2.173658627071184,5.152688119496271,0.3059995429920843,18.599892144470395,cluster1,0
2.939051766862603,5.895795729290655,-0.15853560818606804,1.6007065138857886,cluster1,1
0.6637336481979919,3.627017382530421,1.710010427947103,-1.0065730177946035,cluster1,0
4.970110827929146,7.929333643184397,-0.7388111226380418,13.709039212446216,cluster1,0
1.5786772290181976,4.570547093294644,3.9693490678497008,2.457645079635328,cluster1,1
-2.7075855561653834,0.24732249196735334,4.941743903686953,7.085214283852842,cluster1,1
0.7033519071221266,3.669208540907693,3.777381443927258,0.954071672379583,cluster1,0
-1.8594125381698334,1.1154424586465754,0.5294538943391501,3.348716799175023,cluster1,1
3.511515413169299,6.521863239204792,6.899695031037895,11.635506509649982,cluster1,1
-2.7859897757277183,0.18887240321923549,-2.6580997215162614,-8.47508214671496,cluster1,1
1.9182038784097368,4.869069615950466,1.5793163230522516,-11.585759782280173,cluster1,0
-0.18811157554970848,2.8238784462589255,5.891653230254317,4.0637879386706235,cluster1,0
-3.3094517505308225,-0.3723490184223046,4.478123930791197,-3.954548267156638,cluster1,2
1.148866809784228,4.130211359158028,-2.942272698270394,-0.7899806802358347,cluster1,0
4.65883568351158,7.6373227224762,0.18010204799497165,3.447725009824506,cluster1,1
-2.807299532667437,0.18385452368829425,-3.432842780567694,5.42982045185677,cluster1,1
5.010304931739265,8.008178834412016,7.163824178563402,8.593921081567292,cluster1,1
2.242805897329206,5.1993414751884455,10.00036558560156,0.002806475448466017,cluster1,0
2.2199740717129517,5.218982291799846,-0.6328353389217094,-10.340047081500877,cluster1,1
3.078238509982745,6.056563492781446,-4.870573056479282,-0.8810239779708464,cluster1,0
0.7341936289939683,3.687221370763372,-6.795920584848111,-1.427091949366135,cluster1,0
0.49823170941024086,3.44593215233952,8.092291836701971,2.30984753018401,cluster1,0
-0.3685855324783689,2.637870953245532,-1.1763947320055594,6.247575529714382,cluster1,0
-1.5040621694728045,1.4510809403629958,0.549465321460165,-9.172841472642622,cluster1,2
-0.06284359370691495,2.894547106500813,-0.8850157034078285,1.21339069805219,cluster1,0
0.7549917644361277,3.7296871594579546,-1.0064564816108312,0.6343904665989872,cluster1,0
0.46992642668711837,3.398080812314393,2.187576732865119,5.454216538756421,cluster1,0
-2.034288654021489,0.9145397465699816,0.783011548579456,0.34614972016138923,cluster1,1
0.02264916255463323,2.9925734930472885,1.142857333388993,-3.169240138817205,cluster1,0
1.636395390363106,4.607686019215474,-1.1275587664621853,4.161458746141915,cluster1,0
0.0947964662122418,3.0744304648987075,2.6325309439968128,2.6638315469739,cluster1,0
-0.8887768613654969,2.0629497164130957,-4.06458176899152,2.566186553243751,cluster1,0
1.7783666936659261,4.761171447147375,-5.214662590127397,-6.01920689747741,cluster1,0
1.5929364095222887,4.506904268058741,-2.1760630720867553,2.945464614480715,cluster1,0
-1.0768154734686997,1.8859461652500238,1.3796055460860812,8.190962097127711,cluster1,1
1.8316947663324545,4.817965861871378,-2.713798604269005,0.7137719857087323,cluster1,0
6.675209593391053,9.637453014513987,1.3266418454758382,5.92013266237757,cluster1,1
2.4643077039710803,5.41824645672463,-1.6660048049955622,-7.20418784505987,cluster1,1
3.1889658661674627,6.1876844183497495,-0.5343319113973986,-3.744368081808406,cluster1,1
1.75211910141847,4.7061130204017365,9.224213195136008,-7.879424563110284,cluster1,0
4.489185777285087,7.50786802606617,10.094232087563553,9.857616135085395,cluster1,2
0.011037615528795897,3.0114922484161464,-10.517014191119811,-7.482919104707712,cluster1,0
2.8358546023070446,5.847573654653104,5.526635773212437,-2.1947662670012305,cluster1,2
-0.5268749944307624,2.4391136565273452,-1.5764034447807993,3.4135739227040505,cluster1,0
1.1530237321460297,4.134750746136261,2.239083798724413,7.506187527743848,cluster1,0
0.2527214628011767,3.2229453589722556,2.7059194481135265,13.253572073787954,cluster1,0
-1.3919825737148328,1.5695945178453785,-7.356164072186093,3.997990741411523,cluster1,0
-1.9291684822924822,1.0506032261364022,0.31220103397516696,4.978331475335775,cluster1,1
-1.347093979717391,1.610439763069067,4.55598677677918,-0.8348940540209098,cluster1,2
-1.4587819239628188,1.4962444015484986,-2.99589597057053,9.905674563707812,cluster1,0
2.728265503451882,5.707264130674914,4.6882977956133045,-4.742802746451649,cluster1,2
1.0559555211999836,3.972585049147904,-4.300273825844996,-10.59532867309902,cluster1,0
1.6831080544130235,4.613183986624469,11.143350879665233,1.7573540169763815,cluster1,0
-0.9372298353773452,2.0261876648579533,-8.247154857766908,1.5122525680996384,cluster1,0
0.567474249181324,3.486082023276789,-1.2940803434131225,-2.140542203799235,cluster1,0
1.6506985373777328,4.637499420972777,-2.598535590070274,0.8619478493740131,cluster1,0
1.898230229486702,4.837358244113449,9.758473789054593,-7.454061006893667,cluster1,0
0.8955053224644622,3.829886829923349,0.5741912725112481,1.72678062266635,cluster1,0
-0.41275797896461053,2.553612932693916,1.2711276618131424,3.1540671359071584,cluster1,1
1.6613929277545558,4.59384403550261,5.908851379411016,1.1343725458386504,cluster1,2
1.9901202750982574,4.940394708498189,-0.8808747661976957,7.257058944966875,cluster1,0
-2.8214514024439348,0.16403636815196698,-7.411657540883031,0.18383504503090586,cluster1,1
-1.7999654293108374,1.1864478563564271,3.9087401801121726,12.97519569849676,cluster1,1
3.034410318202694,6.0225943361312195,0.5054511704987981,-2.4671514774836973,cluster1,1
2.200304283637675,5.187548806662777,3.9447628133185764,1.52741174313302,cluster1,1
3.7188515208097277,6.734971536889558,-1.9055927463771924,-7.834318190475702,cluster1,1
1.7255098986975048,4.717584696217717,2.9480329343214278,-3.8290370982696365,cluster1,0
0.9207336665777037,3.8239288957775748,0.9741381230748276,3.6987741177262476,cluster1,0
0.2999057499774127,3.268046615291211,0.6931721566488278,4.9276088102107405,cluster1,0
-1.3168076248766156,1.66130194932593,-4.7055855750217805,2.0237273921053607,cluster1,0
0.2603019295803408,3.2569477465001846,-1.0571964127400002,-1.7987308364921013,cluster1,0
3.323923595686396,6.297944864485164,-4.057863366655864,5.175902983071402,cluster1,0
0.20689253551807818,3.2209558342229694,-1.3512354311218795,2.711950955919763,cluster1,0
0.15574026629678217,3.099773472295116,-8.330409790001953,-0.7114999459323634,cluster1,0
2.4923186854848485,5.419936034514105,5.737613585135881,10.61752299917275,cluster1,1
-0.24043178284772027,2.7488968093231723,0.18787700483729342,5.104401705837313,cluster1,0
3.628094386457461,6.586267294768764,2.3251768726916273,4.3579815285040295,cluster1,1
1.5489027206279975,4.49901566676583,9.651869497537449,10.499311358603457,cluster1,2
0.24255923419608183,3.1963164481715785,11.339937255449508,3.5092427351470334,cluster1,0
0.7371070775873707,3.6648089305369034,-0.14800431282076354,12.647414889239165,cluster1,0
1.8862252568754914,4.890900375146511,1.0978603929813668,11.177864462633416,cluster1,0
-0.8418424749832699,2.103338905987177,-0.554633816982846,3.479289408258253,cluster1,1
2.1899163133580926,5.1466630302214185,-1.6441648264380007,8.805515544813455,cluster1,0
1.1769557934525334,4.119888007439235,-0.6509447491074303,6.796999409084847,cluster1,0
2.3645092675930814,5.334452432945752,3.2795786120749173,-1.8674576308468023,cluster1,1
0.7079143632847349,3.69621421364677,2.872608517481906,3.2021871266761366,cluster1,0
2.156330691183438,5.183248855201525,3.792014441226621,8.805405693172169,cluster1,1
2.3286013098415124,5.283299095085238,3.495211933864452,-7.873533525298079,cluster1,2
1.0390001843008958,4.014968532003007,-0.8849870259859176,-5.447715904291417,cluster1,1
1.1781202267919844,4.138684584331822,6.189041348137539,-5.094916024777801,cluster1,0
1.4074291516716473,4.401335993173047,5.34424931645756,1.5644784476780105,cluster1,0
-0.7556224799410128,2.1837910146929094,0.27962953437922067,16.489000269500732,cluster1,0
2.181404408797118,5.139415768981487,2.4309603973874587,4.533460123535194,cluster1,1
1.580160037754405,4.503355673441272,-2.7121397694631337,0.5583329068374101,cluster1,0
-3.045091411443172,-0.0898687277839465,2.976957794945514,3.9117302136892595,cluster1,1
-4.733436026847877,-1.7549239435361597,11.538803992351575,-1.2087858906606908,cluster1,2
0.3220764997110406,3.283601543928654,-0.7968729017966691,-0.08155036431736074,cluster1,0
-1.7903545561831353,1.163138773764279,1.8437188708934271,3.8523639267039016,cluster1,1
-0.49419214422154967,2.4839975722885392,-1.4787604099381064,-0.8802130456879684,cluster1,1
3.9034241050526264,6.820008699560642,1.3852402712895717,0.3084733488404683,cluster1,1
0.1294609234142381,3.1594918664395966,3.952740035288014,12.070975052692878,cluster1,0
1.5579303360655041,4.561938664696039,-0.8309484916640142,6.922020729424501,cluster1,0
0.055129291833129646,2.9778873070720113,0.42136081894587296,-4.021464164224332,cluster1,1
0.4750741103977203,3.458623715689079,6.268593790388185,-9.451759152548872,cluster1,0
-0.4413529707304411,2.532573862924668,10.893295602042452,9.391548205984794,cluster1,0
0.7433888921165062,3.719636352231796,-6.787829340674656,8.879250879126666,cluster1,0
-1.069749609184737,1.8778603023432785,-0.22382833346284414,2.6967933688947388,cluster1,1
-0.32987160980545305,2.6933655472521574,-2.178666118293896,0.38903329755571514,cluster1,0
1.5664382110112058,4.513799341871142,5.176990933521701,2.846871016605637,cluster1,0
0.6990017951392276,3.6705610049022375,1.3232319197456357,6.79012271769753,cluster1,0
-0.7397719613022727,2.2690906122672128,4.554922613287699,2.624729252371483,cluster1,0
0.7192513251260444,3.6971055833407394,1.0134435716893893,1.5315963587531654,cluster1,0
-4.26144717287267,-1.2986678249961168,4.726123438409696,-2.432339025640908,cluster1,2
1.016023315367808,3.960613022183435,1.7141156033842024,10.081223642194026,cluster1,0
2.820306937562756,5.815139573747327,-0.10372022477866549,7.565459237108656,cluster1,0
0.642171096786639,3.6319943291560692,-4.5087778849517886,-5.914785891641284,cluster1,0
-2.6732305823824865,0.2783793258553653,6.792512060686868,-1.0333876869176164,cluster1,2
-0.9597123471317399,2.077277223369898,-4.682251206696522,5.557128015126094,cluster1,0
0.7332900045491755,3.738613770106949,-2.4094027841728884,8.57915519886877,cluster1,0
3.3118770272457745,6.274780206487125,-2.316152403296351,3.301407742985352,cluster1,0
-0.8392468307933445,2.098312930880138,1.951672216998081,9.8133150883342,cluster1,0
0.9753698474079096,3.9113976735701455,-0.1566432986946713,3.9304459181221647,cluster1,0
2.2616814396383935,5.258801540236322,-3.9666858378336025,-0.9632792718527785,cluster1,0
-0.43150202609781463,2.475833704792808,-4.14108249581698,-1.0841284008003216,cluster1,0
2.0369816605840514,4.991234692606502,-0.08291723639207826,-2.25734219447326,cluster1,1
1.5215614548036422,4.499312462447628,-0.5017969163878466,0.0338106315615585,cluster1,0
2.429806815224716,5.45703824236538,2.2555577496825103,-0.7194896107643087,cluster1,1
0.7145786909497747,3.670926391479653,-8.694646083910119,-5.212289980763305,cluster1,0
-1.335546627108906,1.622561968480032,2.2485242753406065,-3.527996770001727,cluster1,2
2.4799643792276482,5.450918805941316,-2.729759909819325,-7.616442209131945,cluster1,0
-2.87526266983967,0.09306869603326051,1.5010615952665745,3.8704588666294684,cluster1,1
1.1758828933384555,4.118216072095349,5.208026622631883,-0.3430219846306839,cluster1,0
-2.6423759549550967,0.32311669094018924,-1.2148004243331147,1.6350641024423553,cluster1,1
4.661311718814938,7.661385314013041,0.07249711274339343,-0.6890230464845866,cluster1,1
-1.7293359219477353,1.2271742653043882,-3.1539245550853696,10.127461147957446,cluster1,0
-1.100386044329805,1.922663616026736,-1.0354155995143008,13.408087991951595,cluster1,0
4.6452898844669175,7.643865643575983,-4.803155890612518,8.640794967918712,cluster1,0
-0.9099010964808244,2.018030375603608,2.0366210030381007,-0.17550432783231162,cluster1,1
-2.8483572733392073,0.1293539772962813,-0.5448877511265322,0.21989953571620768,cluster1,1
4.198146984265536,7.180016374839415,4.557055572829837,-7.117141082356261,cluster1,2
2.9612160157447605,5.926415166579303,-1.8666947105068359,-2.8882487539995765,cluster1,0
-1.7386265738774265,1.1725888267327707,1.0597046644915147,2.5976133940843202,cluster1,1
-0.0176636872112661,2.9733501200150094,8.677155003697038,0.5530685656745855,cluster1,0
2.80618714469294,5.7473396977064946,4.225638925787656,3.3810254109620663,cluster1,1
2.0591041938015993,5.060311254336135,4.355541206394319,6.501002112261788,cluster1,1
1.5420508344388844,4.449638804787511,0.31893765017113895,-2.0360974921245694,cluster1,1
-0.0073227828156843255,2.9607203322033833,-4.155504288516477,13.567405102156096,cluster1,0
2.827035261693086,5.793730533291856,-8.554847383702489,-4.851026737905916,cluster1,0
3.6810972326133182,6.640671217600578,0.05145661555851966,6.89162497223382,cluster1,0
0.7547218241223557,3.7309722344538905,0.19148377591358423,-1.6682805721167089,cluster1,0
4.721673847658175,7.71250732059865,5.341484785642522,-1.8900905340186531,cluster1,1
-2.980954821524213,-0.025347243670867936,-9.77241965566105,-4.848040768486033,cluster1,1
1.593146188658051,4.545663465041461,5.857509248839399,15.740965912061352,cluster1,1
0.48854708664969726,3.4397366909807694,-3.007424219121045,-2.5219132101382904,cluster1,0
2.9822264211522054,5.921650443431056,5.04365827228694,2.3705620608793616,cluster1,1
3.511434513522811,6.419791362791713,0.6000973492784948,3.669471166304407,cluster1,1
-0.5371618486655195,2.4751328460116766,-7.813643638305564,14.70569643981895,cluster1,0
1.817727365922723,4.7696777107962625,-3.613014193401546,19.517665581461088,cluster1,0
2.2753595542178076,5.2239463365319,2.731333213256679,-3.362153397049857,cluster1,1
-1.6488221636398468,1.3033147300252708,-2.882303545558011,-0.23521391833654048,cluster1,1
-0.24620584482951968,2.709231319000998,5.883278252581365,7.226860485224472,cluster1,0
-0.8193813977887707,2.153329138869852,-7.597276597725241,11.066553682168772,cluster1,0
1.7887840751208148,4.740836988703645,-6.104008943048198,-11.69578166732041,cluster1,0
0.04739271702211778,3.000731589751732,0.907441265002096,2.559773383191312,cluster1,1
-1.8430261002487442,1.1582468385620803,-2.814729259003726,-5.139902275637917,cluster1,1
-1.0039957080865791,1.9824186212185022,6.2491012339396645,7.875893487429678,cluster1,0
-1.6028651264048335,1.354671591560709,-6.566383730731886,-4.695337567121098,cluster1,1
1.4091676317673074,4.326557735001501,1.0835626186952338,0.08418082445620234,cluster1,1
3.155459681150358,6.2013712410080695,-1.9525607628922068,-0.8678842700171496,cluster1,0
-0.4744467718564682,2.4825124186140872,4.137563814498153,-0.23125606788024688,cluster1,0
2.825186745439529,5.807860099211076,4.966443571510623,4.9366438487983455,cluster1,1
1.6447269361328916,4.648008363707298,2.489983348900403,9.649365256440655,cluster1,0
-0.4065738511903403,2.5749675092348716,0.2820586284758734,7.667125720749619,cluster1,0
1.0829758951076824,4.051861393191395,5.577599611841188,1.9027095391080824,cluster1,0
0.5889982564338521,3.530946071265298,1.424202335501647,-4.197443168735617,cluster1,0
-2.1977207767577847,0.7495422089055208,-2.6366273984612456,2.3547167047661333,cluster1,1
1.2954398147681827,4.273595653404587,-0.24108704244404278,9.603233532483259,cluster1,0
1.9424018282487467,4.8911423840929515,-1.530998670530518,7.315252884988836,cluster1,0
1.5174960080920348,4.4895499754498145,0.23872374476359481,15.642714187611572,cluster1,0
1.592909223248407,4.554864490275232,-1.8474957847684426,16.86035866030266,cluster1,0
0.11894199780258252,3.0894160778273907,-3.0905320286288616,3.7915233667831236,cluster1,0
3.5186516209063887,6.508935320856134,2.4325049387879387,-7.720515908042941,cluster1,1
2.5214129887145686,5.523157411525119,-0.2193026123110713,5.965736738882065,cluster1,0
0.6533388801450988,3.616790764235512,6.483189281722512,6.699576990437233,cluster1,0
0.8047225654985632,3.757744636126851,-4.80041114717253,21.947800151968433,cluster1,0
-0.2559241898794604,2.6906380147624986,5.812561157879275,0.3108992021173562,cluster1,2
-2.1077001703144647,0.8505409838705853,10.386264337740425,-1.373072392357197,cluster1,0
1.2279706023664227,4.238201356614244,1.2277541414327908,5.359717910238727,cluster1,0
0.684182089874408,3.643714283275515,7.683993472835095,-5.965967055990635,cluster1,0
-0.8539315925650666,2.106176516240329,-0.9600171927113681,5.08789384170009,cluster1,0
2.5980970252360147,5.538782876343849,-0.9387055878879846,-6.215884502356117,cluster1,1
-0.6009624136988065,2.3434266420289878,6.4797751605535,5.96072011425194,cluster1,0
0.21468947894459545,3.2091400763149083,1.260368146964324,4.5883601196829105,cluster1,0
-1.8396579122562025,1.1362884830530384,4.892563863517056,0.316156943971277,cluster1,2
1.5132903814857122,4.445926426939497,-6.4121199902915125,2.7781725287818264,cluster1,0
1.9358049363650485,4.914351499153873,9.292529043238412,-4.5921867595435675,cluster1,0
-0.9528876882985826,2.0065911464506603,-4.549495582740092,-3.0734166521396995,cluster1,0
-0.3524801122583383,2.652934047797512,-2.027149790776888,12.068747018396085,cluster1,0
3.2751896548976314,6.234592599984133,-1.3412711808537514,1.5035877448797368,cluster1,0
1.7306234341684312,4.695499378601656,-0.5729998833557517,2.066561689581297,cluster1,0
-1.279701867862468,1.7236053409098409,-0.19456746839725358,-1.7560191814312063,cluster1,1
2.8479569914018974,5.800269932989791,-2.6317614968129868,5.088399680987989,cluster1,0
-0.4930384523593194,2.504300936561374,-3.212166300346346,10.012696776579148,cluster1,0
-2.2976768825157277,0.6599462874416537,3.0132442450419084,-2.118624663487962,cluster1,2
0.9296884979507667,3.866173012792163,9.102308320827037,7.0027581834038735,cluster1,2
-0.6940498704942052,2.2918419511840575,4.198637830615395,-5.5617122463195425,cluster1,2
-3.120647035771829,-0.18350594782968388,0.6294365617076274,4.041354155400155,cluster1,1
0.3800741667991596,3.3523247425739617,9.213574538653178,-3.900443632859231,cluster1,0
3.3655269575351756,6.342352213190653,2.9126613434872173,6.679258710662938,cluster1,1
-1.0870330282508327,1.8909829268964298,4.638185300229807,8.671963580670939,cluster1,1
0.5188962712878344,3.4835111315337204,5.313692007114386,-7.301305328023883,cluster1,0
2.5428680883462,5.508532241699887,0.31177609458339073,-6.657038321908823,cluster1,1
2.103754244157942,5.10553764591629,-3.6910813625809515,-7.301740417088348,cluster1,0
2.180596181290454,5.1361027770545675,5.347353314453331,11.06625510020861,cluster1,1
1.5448013872413189,4.458658019535347,-1.7582141242709874,5.36973162663932,cluster1,0
3.505656475760496,6.523922646632157,3.502542783529862,-5.016764722111207,cluster1,1
1.588194592336483,4.495876511907579,-3.1947870366793856,-2.183783752411543,cluster1,0
-0.15447454631879354,2.8081903257744765,8.216510296954525,12.118210860327693,cluster1,0
0.29678847598743374,3.2878386256273577,7.166919176983014,-5.1918593639909165,cluster1,0
1.6079877178711128,4.562900615672568,-0.5098713318818522,0.1891061237346623,cluster1,0
0.046119252043245185,3.0539043481184835,0.798032922297012,-7.072711459073174,cluster1,0
1.001449846422737,3.981553566556447,-5.120040540022813,-13.070833744094468,cluster1,0
1.0952624544455198,4.093876464149176,6.996599778369944,16.22346120966796,cluster1,1
-3.264587533729796,-0.2918765217332806,4.04936549886622,0.3922443453003135,cluster1,2
-0.5904297110067095,2.380479808156464,3.7043879514740246,2.49093703711495,cluster1,0
2.781866189112564,5.714291961898388,-1.5151524660682125,7.39258898958424,cluster1,0
-1.4226971751583264,1.5542859801425144,3.9342230854580476,-0.5192528862161887,cluster1,2
0.05751362719735975,3.0240050176902455,1.0702998100020624,-1.683886814538809,cluster1,1
0.2028344079787241,3.1324261219166623,3.4720603895624853,-3.913348558687476,cluster1,0
-1.5534325627805434,1.4828897119072184,5.905125903621636,2.221892839623056,cluster1,2
2.3600424129683937,5.282464242476743,4.979096173282393,-0.3843720163396567,cluster1,2
2.051869372024663,4.996616309473124,8.544065146672336,-6.665725752558014,cluster1,0
1.8220313401755364,4.835436200728605,1.6025114802884253,2.300794013733941,cluster1,1
2.246306036582694,5.219645576206214,1.0704924961361224,5.262021031195791,cluster1,0
1.7392940377918336,4.743717516004341,0.9629078279983602,3.300547375352753,cluster1,0
2.8054618891010614,5.785720409188719,0.9681777196542362,-0.5929875682805905,cluster1,1
-1.1444328351901454,1.8031969450276404,4.4324161093562084,6.767651385024174,cluster1,1
0.9238370301404237,3.866142255448855,5.003591689806603,-6.050636409511643,cluster1,0
1.479648881363701,4.438747130178417,2.2984030505469955,-7.837459502849578,cluster1,0
1.8128940602116115,4.750222757594066,0.349661812358954,7.28105875839214,cluster1,0
-0.7922476621198397,2.1937679924804687,6.551917396691927,-1.872539700976418,cluster1,2
-0.2645043517575354,2.7472234015700856,0.0487460489158541,9.9518062495568,cluster1,0
0.7986267363323878,3.7878104705738997,-2.2846672010770863,0.11192305357046939,cluster1,0
-0.30080911741032557,2.652565934133482,1.0490403948879983,1.1840354569245781,cluster1,1
4.01280785420662,6.987751367264336,2.0935503013659993,0.8520896458986482,cluster1,1
-0.9924237842740208,2.006927836785902,-8.39610247309576,4.122957816236566,cluster1,0
0.37861929945042583,3.3302694105059505,-2.2840804357412203,2.243953212955506,cluster1,0
-2.5967662041711073,0.32809282761554637,5.618181411396256,-0.19285146437548883,cluster1,2
0.6770133895527928,3.6473751269006396,-0.7950930991654914,-1.3707147995228635,cluster1,0
1.6871445367795928,4.639021490431727,7.382698950282757,4.784475431930419,cluster1,2
3.691379634077145,6.642465903071093,-2.8096787761477913,6.006713279982691,cluster1,0
3.6600553699986786,6.636337707726507,-3.9071626122203913,-2.973808154592824,cluster1,0
2.2237149173640907,5.1921021527797375,0.1321685951975965,-4.3573169167280685,cluster1,1
0.9541667206392199,3.928421423812239,2.5715610341767228,5.00382870488299,cluster1,1
2.519228983367379,5.494065961618243,-2.6666104235273917,-3.3796053550528127,cluster1,0
-1.6545926746947937,1.314460906526659,6.167719569333006,10.758120043808574,cluster1,1
4.0814864986700545,7.080345509984062,5.62753430258748,5.456704654025742,cluster1,1
1.501201159745924,4.487321350448428,-4.475403920970599,11.129880364967088,cluster1,0
-1.5585807147251798,1.3961870144026336,8.789540088198292,-1.150968612289085,cluster1,0
1.7717041700557317,4.697465382798509,5.270257929937218,3.786149306330355,cluster1,1
0.24659329980821787,3.2327225331921534,-1.6699259447931425,3.134362283559812,cluster1,0
-1.8050812010219843,1.1451595211921564,1.2385128763006839,14.467002089020374,cluster1,0
0.634222472816758,3.6206212486609797,2.6725446809832034,-1.1150846590916412,cluster1,0
1.545552080796676,4.535262939433387,7.915915974146252,4.944296683610195,cluster1,2
-0.3260753737879676,2.645934365219488,-5.942774722416058,-7.700782114525737,cluster1,0
0.13043931783078078,3.1014653964979715,-5.649176314151661,0.9810294572782312,cluster1,0
-0.2690388752055737,2.6394393238287552,1.5528738203340864,-0.036072218253248245,cluster1,1
0.10180381632302193,3.0874752617226897,7.486834108572618,1.1785943321296795,cluster1,0
-0.15694855384240536,2.8214924892772837,-0.4022660288674842,5.084836766661604,cluster1,0
-0.3560455651462715,2.6046651977482176,7.872517705336106,6.77099298921822,cluster1,0
2.122799017697756,5.108388317333189,-1.0821441685291853,1.1734777390250701,cluster1,0
1.680804606646963,4.6508172751061005,-6.095039541399991,5.598112904449951,cluster1,0
4.125435793077944,7.1113517534836035,-1.4419984055092576,9.957316070362928,cluster1,0
-2.1993533847321634,0.7283573293926561,-3.9598361133852364,-6.039902426770286,cluster1,1
2.285408662483342,5.204465609189366,-1.483282830129495,10.64134610991561,cluster1,0
1.1667920649895016,4.129143858725733,2.9125528535763845,-5.135384381153456,cluster1,0
0.0243087854175299,2.964893430037127,0.3197560566875616,5.600979573362635,cluster1,0
2.145417832198307,5.090762624482135,4.697999417077604,5.176008139335124,cluster1,1
2.4785777245690435,5.426948433782584,4.037217882999469,12.329705699505466,cluster1,1
2.945318792271979,5.915522762530847,3.248759137728464,-1.9585944429420543,cluster1,1
-0.9435157715898093,2.0197844389893764,1.4731350287413134,4.166859373303374,cluster1,1
3.051347295737303,6.014161418418577,4.10244862169052,0.4308597481629697,cluster1,1
0.10434839322162315,2.9995467966981666,-1.3450578670967706,-2.4189510626443056,cluster1,1
0.9178209994388653,3.8693227456227346,0.038749820001699686,9.178694868019072,cluster1,0
0.6038531555312387,3.624212220067895,2.4924084735899443,-1.5051448506085068,cluster1,0
0.8958090918027071,3.9052222883671925,1.6264664391807337,2.6183740873966155,cluster1,0
-0.601208447658508,2.402062492150272,2.144077515435642,-5.360192198680133,cluster1,2
-1.15283499273238,1.7845241915005103,2.621745949515332,-0.33762368057682535,cluster1,1
-2.4993581798334,0.44787635163956385,6.750861923235893,10.00736494675866,cluster1,1
3.3480324449573087,6.323726841904991,0.9320939809762051,14.390402502853027,cluster1,0
2.486586329899996,5.449749369508218,1.7295819153308254,1.3923420044895274,cluster1,1
4.897892812669884,7.872224095146493,3.8490197875902243,3.0329528255016585,cluster1,1
-0.3615503797997728,2.5586403787643412,11.120413523898769,1.4995980801379456,cluster1,0
-0.06903847742779656,2.9070310397577446,7.362550319133211,6.457834971990591,cluster1,0
0.22977000198997333,3.19721333006415,2.236829579693733,9.186805707692713,cluster1,0
-2.8581207631692793,0.1458176444055932,7.544063946585121,8.499605535583097,cluster1,2
0.5933485776001208,3.608060520032339,4.372029622620586,-1.7947821837142381,cluster1,0
-1.6773061816577333,1.2554473801638917,5.131921474697713,-11.913862328385322,cluster1,0
-1.2211182344430818,1.7555977122337547,5.629814669387458,-8.536519749035707,cluster1,0
2.221809078418956,5.1906787350392225,3.2980566903519666,8.129223714670898,cluster1,1
0.8908954949741759,3.865284571179724,-9.84414100079284,8.361141454788847,cluster1,0
2.3951905086845287,5.33848252881467,-10.436841336919722,7.9643576429838605,cluster1,0
4.413985220201651,7.398895634663931,-1.79092790186979,9.641857836606077,cluster1,0
1.5886580686272913,4.59495800324528,3.4654963202031883,-2.3208288749677077,cluster1,0
2.6857681919534477,5.631923809338571,-0.9208474238665474,-7.21986049264709,cluster1,1
2.914299221656104,5.864826012269491,-0.15759481446735024,6.3055117897628765,cluster1,0
1.4626165192268685,4.456405475738034,4.209787150572775,-1.9634956713892153,cluster1,0
-1.6723510214739548,1.3024373527248851,9.450691383251538,3.4469728054459874,cluster1,2
0.1925723682424938,3.1638089925240713,-2.357061769201425,3.5197460279277832,cluster1,0
1.0117295602061571,3.9990380373048695,4.628659856256409,5.36792938809786,cluster1,0
-1.100802042331486,1.8345079679053602,7.801673358541473,3.215665230721834,cluster1,2
2.4260376226507416,5.428013551168367,3.170784676548715,2.0900188316661303,cluster1,1
-0.790968562453688,2.2257500766652405,-1.2161655929083777,8.298178241164372,cluster1,0
0.12219805275312168,3.1172811961879536,3.63098093897038,1.2033353840453638,cluster1,0
1.5924142118228564,4.493399627716216,-4.9483831360651385,3.164115875302663,cluster1,0
-1.4815632104552803,1.4793338285844813,3.3813357829017106,-4.477489024543491,cluster1,2
0.8544070527863346,3.82344517936116,-4.734501611903101,5.139631515681586,cluster1,0
1.4246197582478834,4.399353943693232,1.061951507547691,7.452292504833395,cluster1,0
0.7191786399535072,3.6871695060471144,5.246478223139575,2.1547840763769197,cluster1,0
-0.26633579872430335,2.7052970943071886,3.4279901766653853,6.9451165339179735,cluster1,1
-0.91115335849926,2.0650256837968994,5.213254228874413,-1.3027869833155359,cluster1,2
-0.9540655746148898,2.0377739517669933,2.8734517012493477,4.7677251445711875,cluster1,1
-1.6751395090821086,1.310808708726929,0.46695817366823755,2.584619992028408,cluster1,1
0.8656647597732858,3.8678616663057177,-1.5274264663427837,7.213305551839667,cluster1,0
1.6757586138085452,4.616671718455013,8.25317957965836,10.048972289103313,cluster1,1
1.653481808261837,4.600614422862571,-2.973694154560089,0.91207847557996,cluster1,0
2.43903469655666,5.448952942463638,6.5400246664896065,3.395546823227438,cluster1,2
2.959515404266959,5.973356969934581,1.5620618559227908,5.368479413697846,cluster1,1
0.24261126553884327,3.173780990217889,1.449740706719609,6.6459546209174984,cluster1,0
3.9416808483265138,6.876359294639581,-0.004801239723646988,-7.16744039606864,cluster1,1
2.62723254679665,5.602541245730064,0.31212877246317083,10.263618458115234,cluster1,0
-1.2889129106640156,1.6741733276419635,0.19890525999345388,3.5890666278247547,cluster1,1
-1.2338291855257888,1.758796393359356,11.585222190147928,8.78373533287936,cluster1,0
1.3838652712063935,4.387319082195266,8.293551600692645,10.008439297595622,cluster1,0
-1.1134853920281804,1.83265587947743,-4.699799932693744,2.365198939112082,cluster1,0
-1.9887828000853176,0.9565558533742101,-6.7229135908032385,-1.6825967730358453,cluster1,0
-0.11273205476903958,2.776343775469397,5.595101946358129,-6.097443123036612,cluster1,0
1.5702395887015856,4.517120031244367,9.313393199192754,-2.159451347269002,cluster1,0
0.6927426405542345,3.6502937176248738,-1.0784839454383217,5.160083944315565,cluster1,0
1.4788099155172592,4.459838019672673,-3.265430564671072,4.54660738455627,cluster1,0
1.9249170002291263,4.816979137036569,-0.803602781851773,-1.1979260541664578,cluster1,0
0.16144418204808164,3.130773321785499,5.973155793844679,0.13643769215368362,cluster1,0
-0.08256496866716234,2.906876346582437,2.365543093771116,-5.219884512137913,cluster1,0
-0.6132742613764356,2.3495716892982452,1.774974323891906,-6.4679619899233245,cluster1,2
2.48034970860199,5.445927469770255,2.0266919395304783,5.0509584995984245,cluster1,1
0.4528504311858683,3.414306850096559,-2.086298152175977,1.229498159546023,cluster1,0
-0.9306673798154883,2.082308668912917,2.9426602977052014,5.241444564805691,cluster1,1
-1.1355653868847493,1.805339672567402,1.6410032785635167,7.410091941642935,cluster1,1
0.05111014335179531,3.025820239633865,-3.8936480668905267,-1.1316573286128797,cluster1,0
-0.5291413316527236,2.405461874635663,-2.7472104937770574,7.243523342588836,cluster1,0
2.6661416241449527,5.61420050917875,2.916620632666617,10.130625437473068,cluster1,1
4.585215653662608,7.507153114999265,5.07408924470869,-9.236509491309501,cluster1,3
-0.173067144612717,2.7544777588796476,5.525763387379272,1.0718312207571807,cluster1,0
-1.1803660514852297,1.801313554426243,-1.5220590225721176,2.2331639673898525,cluster1,1
0.9212289092218258,3.873785433436883,-3.2196270801821516,-2.431068947918777,cluster1,0
0.1160014918678165,3.07299645376047,2.5820085924793297,0.16023115126705312,cluster1,0
-1.866201539611044,1.1353734437074747,0.6803988224063522,13.824373004283313,cluster1,0
1.4993830853898098,4.494432682235932,-3.189959367945301,-4.734131858980099,cluster1,0
-0.26477237544749976,2.705401119913147,1.1720068190210382,-9.256857326118615,cluster1,2
1.1272812874785911,4.116305622793983,-0.45859708937631205,-4.482803433949931,cluster1,1
-0.12399742636010136,2.869210131148016,2.7023377714349825,-2.373690968118958,cluster1,0
-3.0964388997307375,-0.1615439385327455,5.439969579610111,-5.746377153234549,cluster1,2
0.6118519920314902,3.5654940833231774,-2.0972336580121826,12.115864870477528,cluster1,0
3.800604953736727,6.759189266966812,-4.618764109965719,6.9375491916231145,cluster1,0
3.2924173414112876,6.2228402602177955,-11.453013850890052,-3.8424436774604462,cluster1,0
-2.164696825563545,0.8373486001721274,6.589435937037414,10.063875727668822,cluster1,0
2.293433423785483,5.255862398026279,3.074227295302891,5.762947676368689,cluster1,1
-2.784268190863993,0.21728008254582387,-1.8981258319270027,6.3254767878041145,cluster1,1
-2.1122495135592763,0.8842086870468339,-1.3717396887715885,15.442757487415458,cluster1,0
4.026758898757587,7.018354707599615,4.276358601402727,0.4980740770153105,cluster1,1
2.244916981153914,5.220774628099262,-3.376540081140628,13.446090688851259,cluster1,0
-2.3062249950492015,0.6875297969654128,1.0983159124017758,6.232986456164488,cluster1,1
1.990951430863714,4.932014897851618,-0.3750539708147025,-8.259027657153533,cluster1,1
2.036201358519306,4.950077730059298,2.570345435064496,-2.8422776106705863,cluster1,1
0.3100364971621963,3.309677005020867,4.239763917636937,2.6382873023522113,cluster1,0
-2.0298867045352544,0.950232225529885,7.2335525791324375,10.240107086183354,cluster1,0
1.5898725787128543,4.54192514251638,-1.4675128336307108,-2.6911637084287694,cluster1,0
0.8104356599678548,3.8334472115863565,1.7869012501110964,-8.504979252769365,cluster1,0
1.839658398599862,4.801266296459763,4.0705361135032465,6.814251884102277,cluster1,1
1.5757504099371755,4.547727582339016,1.222067332179566,1.9830501757012142,cluster1,1
0.9373525227090049,3.8631049715334567,3.659771099847003,1.7674407872059692,cluster1,0
-0.9283439264411126,2.026715971534546,1.223311849765234,5.936957198179385,cluster1,1
0.32556267877788714,3.2979915504718047,3.887467402527496,13.424085036009922,cluster1,0
0.3501063789237955,3.3458237155076134,2.770906596512221,-3.0341335671693495,cluster1,0
0.12739846488562345,3.0945083002580773,8.049944834972981,11.069096232266052,cluster1,0
-1.8564470515001774,1.1326015350795542,-2.582186782259574,5.4263398792920725,cluster1,1
-0.4556349518609597,2.546917764796164,-0.3767539790032941,-1.5745219642345774,cluster1,1
2.7479184787065325,5.689073138347983,-3.9489937224772156,10.823401317074005,cluster1,0
2.2996826085177835,5.266275463098115,5.137409144483932,3.334706799645496,cluster1,1
2.889729928876176,5.857646911012669,2.099345951112526,6.2556939704624295,cluster1,1
2.822429772298082,5.755829310906204,-4.086424834592438,2.5970981983562673,cluster1,0
3.9094679372529586,6.879993095179259,-2.651789134225163,-3.763681425547083,cluster1,1
1.2214617643173382,4.184623627125275,1.951016692402054,6.205779158812685,cluster1,0
0.9110019957027307,3.9008684038295334,5.924442894057521,12.07695623919213,cluster1,1
-1.9725830802253128,0.9378726840157352,3.673203558600292,6.843749321112228,cluster1,1
0.8299676360855031,3.770300572765922,-3.461854476291415,15.23381420345051,cluster1,0
-0.03997922029817258,2.9076463045384706,5.923539924875358,11.503994377303309,cluster1,0
0.8504806973951251,3.816880695969909,-2.0848428564973416,-0.23719368395552864,cluster1,0
1.2421144496628587,4.202734811534686,3.0582420858513006,8.870080073514576,cluster1,0
1.3562674177955731,4.35431432613698,1.123227687200358,4.374356696904287,cluster1,0
2.6933905775913694,5.630468945376918,6.683485176722565,4.1115005707931145,cluster1,2
1.344144411226475,4.351521183578904,0.2677276009013565,-3.746320767549367,cluster1,1
0.770019954695059,3.7526314391335447,-1.129104523680886,3.117335485395332,cluster1,0
-0.11484494185691752,2.874632703305292,-10.094240348906816,0.696754589196102,cluster1,0
-1.6262110017181908,1.3802780278759736,11.32811972935256,5.054353136590985,cluster1,0
-0.7761045091531851,2.1925945774172733,-2.5644468758731653,5.989030992356065,cluster1,0
2.11562347968433,5.076708468189596,0.5745949598661699,13.536548777393602,cluster1,0
2.3414994839001,5.272242387301837,-0.8942528503117368,1.5138776067494244,cluster1,0
2.360096972574455,5.363696370523962,1.4626194294500476,8.827178859329257,cluster1,0
-2.314337764731087,0.6387422898942446,-2.1390819574808524,1.2006053497774933,cluster1,1
1.7992895295127016,4.739037131893472,-5.192764866194889,-6.3398026231629565,cluster1,0
0.48869114437724437,3.4385806970368105,-3.7810398904172304,2.40804409215957,cluster1,0
1.2541127283633258,4.216500020353175,3.056507520677109,4.719037089355815,cluster1,1
-0.9754443012342365,1.9983287781201537,7.882160270495644,-0.2098957584590755,cluster1,2
0.5525505751105604,3.4743589372140824,0.9308912290363184,8.45555734231932,cluster1,0
-0.29572638860357925,2.684657817458866,-0.3796656876900151,-0.8594172248600889,cluster1,1
-2.1115583052837894,0.8529574962547224,7.060022122062551,-2.767416542869933,cluster1,2
-1.878336965468775,1.1340021879635307,0.26457198678322913,5.302780540176549,cluster1,1
4.883491325562711,7.866166990452584,1.5092943229004334,-2.856995180397404,cluster1,1
-0.6079968804424769,2.36752937903878,3.3479856154407677,12.693317555014822,cluster1,0
2.475900587509555,5.490324077106811,-7.334674469333077,-4.863037289546293,cluster1,0
-1.1499394090360413,1.7943263378694654,3.9861371841352993,-9.642973795204728,cluster1,2
-0.4402561867132706,2.555583083339921,1.2847518579852792,12.460081769907971,cluster1,0
-0.5247218529623998,2.4345727140526217,1.8345145864382264,5.474001733340879,cluster1,1
1.3010118075530885,4.221168961710843,2.363201545937642,9.659300127701067,cluster1,0
-1.0211559049980492,2.0080101585144368,-9.296854373354693,12.932357822803985,cluster1,0
4.558336889385754,7.539891954590734,-1.4786693141517766,8.591646035765509,cluster1,0
-0.011639483584604537,2.9690785961735617,7.088178241041572,7.259625564084875,cluster1,0
0.20527417573097284,3.2187935956316327,-2.410838072023933,1.9388914364047372,cluster1,0
4.311802822378341,7.276709373489963,-4.272703469367737,2.9965801179320524,cluster1,0
0.6261942856976013,3.5795582838480873,8.185266288338399,14.019101848309488,cluster1,0
-1.4116858882110332,1.534419680137323,1.9621571065218246,12.331402915108157,cluster1,1
0.8266585955458161,3.7785412461520456,6.3741950299510854,15.539539583323336,cluster1,1
2.041815291308848,5.024026906478298,-8.956741676426088,2.2515447996539093,cluster1,0
1.4694326991217812,4.482087722157315,6.1064387179953385,6.216408372527842,cluster1,1
-2.646915814205255,0.37398555896564134,4.706040184565657,6.4606115311153705,cluster1,1
0.44458307743984027,3.4194235113373415,-5.203912226154379,1.1217258825783305,cluster1,0
0.898961739648223,3.8796614169551376,-0.60694751530239,-2.2170065806925674,cluster1,0
-1.793329294880179,1.194989797418818,-4.095869989809902,-0.9264748112096952,cluster1,1
0.1344690023099051,3.062844398690096,-1.6369677078867477,1.1893341784380635,cluster1,0
1.988480744618552,4.990350682028264,5.664953832205886,11.069558784927693,cluster1,1
-0.5527878853498666,2.4312913342912754,4.019022924440461,10.77599527420692,cluster1,1
4.3146358171352555,7.249173427934947,3.559091141425547,0.9058667731353145,cluster1,1
1.129245017859135,4.077592979226779,-6.11726131299494,4.9695275855891605,cluster1,0
-2.4514849630280238,0.5630004576147732,2.544295179348266,5.279572028873311,cluster1,1
2.402944954823001,5.348746646539684,-8.849497567209529,12.923309690806702,cluster1,0
0.6678416205480873,3.611496837014988,2.28305728565403,0.033773016590069815,cluster1,0
1.3039179084927466,4.211307707485304,-7.40228839053783,4.860281494650586,cluster1,0
2.272676709664593,5.193202741384278,5.862960281177256,10.786651983682638,cluster1,1
0.6582508313372826,3.6574483256057335,1.1808918659872032,1.3824027645904307,cluster1,0
-2.7755277750611977,0.21120292060526036,2.7308641774123616,0.09526230165638871,cluster1,1
-0.1136673635123,2.8446609201840163,1.0337881971767546,-1.8968283920157907,cluster1,1
-0.6787270627552051,2.2393274544916606,1.326776895087151,2.215463739988152,cluster1,1
-3.186956622831363,-0.2661692546538539,-3.6425426791227844,-2.354593300113356,cluster1,1
0.11363534334489467,3.1338877427746654,1.5588943279902912,-1.399251036950436,cluster1,0
-2.268314397168791,0.6692901931396429,-1.4427405711186685,1.104882081551475,cluster1,1
2.287976281250279,5.25293865795553,-2.560357003902623,3.003552772020987,cluster1,0
0.23813643722937283,3.20924720742278,1.5252353339134386,0.3477948587270334,cluster1,1
0.6329938283358512,3.6523004071059515,-1.8803064030809766,13.329205757732682,cluster1,0
2.193213155179013,5.237634886095696,0.18719714444918834,-0.1347474431219049,cluster1,1
3.852410469686042,6.819996095953497,3.7112008091055992,1.6275209654117362,cluster1,1
2.6549218980921045,5.611670525933228,3.944077462486266,3.870036920335374,cluster1,1
0.16562870253287043,3.152895243887934,0.39650278999564503,0.8354292274162689,cluster1,1
1.3838168354197538,4.355897826719242,3.240473650071063,9.942522387914721,cluster1,0
1.3472492017584576,4.28097088763934,10.503822018352468,3.2741134473555773,cluster1,0
-0.9046241441206829,2.0390791134451387,3.9691412459345976,-3.206438973972845,cluster1,2
3.5809021198227526,6.5430640199007435,-2.5657065447368015,1.727011776290071,cluster1,0
4.133529392602888,7.066056665635915,-1.3536007235462986,10.22671113867382,cluster1,0
0.26055117804104455,3.2249765885926167,0.6673315350345561,-2.627241784396727,cluster1,1
2.157383459397722,5.151987222085167,2.3798397140532925,-4.908060830539056,cluster1,1
1.3686940038937518,4.305717581411413,9.409328375039584,-6.2047712870278495,cluster1,0
2.943387742605502,5.888643835634665,3.7930106658198075,-3.330556449390725,cluster1,2
-3.4179092702759446,-0.44450003759306544,-4.051067571280231,7.999513422384787,cluster1,1
-0.021576769030575038,2.9609469901041106,1.4388444877056776,-4.202128888744982,cluster1,0
-1.6443636523569278,1.278095992429967,-0.3467264678180797,0.8718807720639554,cluster1,1
3.186399060122582,6.10265166773099,-8.537038923611636,2.429551362077795,cluster1,0
-0.5450754794375191,2.3759464992980828,-1.622523045245548,3.719845067266109,cluster1,0
3.7799362605092566,6.771200701931741,2.7661736651524755,-0.785420477380117,cluster1,1
0.17944388483748885,3.1898748219366366,2.2045466570679304,-3.521112201990415,cluster1,0
3.2721398575780345,6.196305258377591,3.4692503829628025,-6.867411665443676,cluster1,2
-1.1177450989290914,1.8520581786651986,2.780637776436741,3.121606416449605,cluster1,1
0.9248383592049658,3.8688778068870824,5.114879770047658,15.346329110603318,cluster1,0
7.15798762095489,4.02900070468887,-0.35411522610403257,11.49085250398801,cluster2,0
4.933968855450651,2.843311172497367,17.23094241087638,10.958138361392159,cluster2,3
5.123390732875953,2.733005347055659,1.0025096966631706,-1.895907955783926,cluster2,1
3.3526468367149755,1.7478725966687985,3.1875120249300952,14.34711374240609,cluster2,0
-1.9631393217111033,-1.1819343083256388,7.876077862859669,8.476307646675732,cluster2,2
3.820649808643393,1.838782915543384,-6.8867522546971855,5.278755449092563,cluster2,0
-2.2933837961944366,-1.5255439798738324,3.43576875545536,3.414954947058886,cluster2,1
-2.2851776632649243,-1.5578160687598057,5.4836842035119835,4.976963731319303,cluster2,2
3.4095473904069538,1.876026600488403,-2.693787970318742,6.577755162241778,cluster2,0
-0.16712290811329122,-0.3115056384645707,19.178027340906546,9.084761843524515,cluster2,0
4.112269311710624,2.1752885450028034,3.4904519958174247,11.602661391542265,cluster2,1
-3.934355745631952,-2.4998761267060012,6.1603469006920095,-3.5929551049050854,cluster2,2
9.051810963487489,5.004377852786792,-2.5859260019850865,7.10573396234303,cluster2,0
7.013293616323099,3.8647006567027007,-1.4429682489826048,1.2496578226047768,cluster2,0
-2.3952095998231884,-1.491486238050332,-9.598205983214225,4.741085559386261,cluster2,0
0.7319078675674154,0.3753719581202816,-10.219737833832708,18.85242699554952,cluster2,0
-1.4522305133360036,-1.004532502713948,-5.987504634828099,9.500761835808824,cluster2,0
4.775038050186073,2.6292510626757957,-10.5136209686869,3.3832804213748284,cluster2,0
1.1320873516587968,0.4978185568101805,29.814971470648697,9.053602757424908,cluster2,0
0.2605907366336148,0.10188353236701844,8.673675478909932,-3.0290650850877148,cluster2,0
3.6790103974141943,1.9518850648683492,-11.671247860857001,0.7712877516067205,cluster2,0
2.1294088030013363,1.1517428591426195,5.799962299314313,5.708982684885596,cluster2,0
5.10610052188225,2.676657484493075,-16.53641452813488,0.1925183338753227,cluster2,0
7.345037323096367,3.933012763375459,-3.72559854215523,4.491651467470013,cluster2,0
1.7964062853794713,0.8239948462888323,5.946068795460375,12.007297837902414,cluster2,1
-1.2438303041658894,-0.9649841306186289,8.870207390864145,7.518991803455306,cluster2,2
0.5361540766370738,0.09148022298620218,5.472833076612953,12.248822247865931,cluster2,1
0.5936753954169858,0.04387428133960947,22.751939745873642,11.067643270158019,cluster2,0
-0.35261168977135815,-0.5625178082938865,-2.090969081032065,6.148874468412105,cluster2,1
-3.23409927020018,-2.060209353442926,7.950589910589173,-2.7804889235412933,cluster2,2
-0.9174263195216417,-0.6029086890244706,10.516201222018452,6.107534361190379,cluster2,2
1.9046755353737612,0.9288463218374485,13.722174229471793,1.3841560432181241,cluster2,0
-3.242118279044701,-1.9831319849028457,1.7282747433271162,6.856559025704524,cluster2,1
-6.402753747686507,-3.898848155174644,9.675790407835535,25.04105335114791,cluster2,1
1.7381548764537973,1.0585612958460906,-8.049044693171178,-4.6340788671477995,cluster2,0
2.923018418960421,1.397459448411889,7.963233440104975,8.801912819093058,cluster2,0
4.081325838392194,2.1356032294268465,2.7891452481680385,0.04080219647222716,cluster2,0
1.0640025430981255,0.33623367432126516,-3.390608721864976,8.274951841577465,cluster2,0
4.181963767261942,2.1439913471488623,3.0749280012333946,0.6851857782014306,cluster2,1
-0.36912501554940874,-0.36525757805776005,-13.953145488825388,9.467477079863507,cluster2,0
0.9408569326321872,0.44735257302857917,6.7976259521509546,7.7464464966105755,cluster2,0
5.065733736536363,2.794232862883222,-8.669339915939066,0.5850364924243578,cluster2,0
1.6449883553974296,0.9382119500943401,-0.4794656175849683,1.4534999948220135,cluster2,1
-0.9031522638068623,-0.6190833727065314,-3.623608113654318,10.554866274825814,cluster2,0
1.6124599814211986,0.6951484087663107,3.7706152121767165,4.816314707762498,cluster2,0
-2.221344674338069,-1.4433274195985977,-3.4653496447166887,4.164572529535861,cluster2,1
4.355091967985706,2.2839953637631867,19.918865482121944,-3.9590604047401,cluster2,0
-3.393177814148128,-2.0098800142166953,7.1246614127048336,-3.7258592231868377,cluster2,2
-3.4398864392583266,-2.074986720711937,-1.234454628905996,1.4791327187725507,cluster2,1
3.2583079792575638,1.6182577612838778,-0.7891598644290063,-2.4697180668501577,cluster2,0
7.5926394639106185,4.2773549793406485,1.5839104734990666,2.4765404247450427,cluster2,1
-1.9369972985309487,-1.4348148221582924,-3.9181865515300878,8.576373437688666,cluster2,1
0.01192910119293978,-0.09241764173209774,9.636676672217058,22.178364427872463,cluster2,1
-0.5480208165817798,-0.4454960355760212,22.341696506142558,0.1900663926006736,cluster2,0
1.1860191673606781,0.5153779327381222,11.937598823810436,5.025817480019565,cluster2,0
0.4908878118663997,0.15333891843201786,8.721876532856163,-4.540742831435944,cluster2,0
5.456671789005195,2.9841815891134917,-3.773871893799674,8.959109866648951,cluster2,0
2.6858243228719276,1.4457028834627104,1.221082431303298,0.32643137155273116,cluster2,1
0.701224967364176,0.24375484187366137,-10.73033775446158,-0.07850399316241052,cluster2,0
6.8479267408215785,3.7744415281884893,7.431309505221602,-8.523322161414203,cluster2,3
7.7067420397071436,4.467315958784614,-3.8425328738358386,1.7111104579435463,cluster2,0
3.7010148398506395,2.0146615617380625,4.053765949337965,9.660941198132228,cluster2,1
9.451704179780744,5.223039784765332,5.343098600904829,-8.582614951714396,cluster2,3
-7.056639617916037,-4.015234653606074,9.597967311270057,-1.5426285981170702,cluster2,2
3.683714553449478,1.9138201758930342,18.26237583220807,3.9725989730457076,cluster2,0
4.314811644456034,2.2213968435022253,11.449885486602788,-3.0718239965457963,cluster2,0
-0.857088176912506,-0.7101482807128517,13.147812122255884,1.3413256553679047,cluster2,0
1.34449260006883,0.5224898190866605,5.443458508380706,7.656242549030843,cluster2,0
-1.074224671986086,-0.699532065784097,-12.411398673030487,-0.3211619876034124,cluster2,0
-1.8045388733356873,-1.2960220803429516,10.803888418476475,-4.176949322782399,cluster2,0
-5.428034086109253,-3.471968602270965,2.720271315448473,5.843964928847967,cluster2,1
-2.4004671883913917,-1.5321442279561983,12.95531466865344,3.2590690607310187,cluster2,0
4.675031979659491,2.519614141469058,12.170752894329356,-2.8529526347901886,cluster2,0
-2.6986042101430003,-1.7927680744586667,27.99064202794358,-2.0727631271784794,cluster2,0
5.988677627830153,3.2285943609005505,22.654988698661164,0.5443309386646309,cluster2,0
5.959364872961409,3.1215224199251033,9.78702166487125,3.900137284263855,cluster2,3
-2.3301745154287867,-1.4875749417142223,5.1206297876030975,-3.1382416070889363,cluster2,2
6.198008674239747,3.501000140503377,-1.4052909260670559,-3.549594509000068,cluster2,1
7.123750433855442,3.7785594735790973,18.370384205145832,6.255887633588178,cluster2,3
2.9032378927596207,1.613018231731075,15.383879961686162,-0.38998870966825727,cluster2,0
0.6625151117077897,0.16725975486450007,17.964146706764478,-2.2559159753527274,cluster2,0
0.767836884586014,0.12415961509599227,-12.33722684023195,4.046352351435561,cluster2,0
1.2005120225773471,0.5696283024386727,-3.014192862978766,20.651939721676676,cluster2,0
5.34849988117894,3.001049045918738,25.864330413177974,-1.737577566223135,cluster2,0
4.301581429389685,2.3873756726921394,6.603004021229313,-1.88974632275385,cluster2,0
3.646067663367554,1.9439072192466669,6.899746363874353,19.440279862269605,cluster2,1
2.8022446805145886,1.422655325300894,-12.799915170354435,10.830241047496514,cluster2,0
5.258921012590065,2.846471667240614,-4.384826493331046,6.452441950596647,cluster2,0
-1.206234435084644,-0.924310881113656,6.794587405609729,-7.288051442482283,cluster2,2
0.8814750160971696,0.39373576000074917,10.332186059489329,-4.91487693028863,cluster2,0
2.041409134630589,0.9947056634912083,5.4822853492152674,18.16265780391183,cluster2,0
0.13733506110375093,-0.06768453638943635,12.31068854931111,8.027666098160754,cluster2,2
5.259873932599061,2.76435531466584,9.954604479326559,6.6809966781947026,cluster2,2
8.690036002369492,4.798949685428538,15.35212954695343,5.969295548400171,cluster2,3
1.4521828614912589,0.6673556542598968,-9.782877907867677,5.01222202230909,cluster2,0
9.84877764324992,5.549962915030563,-8.184743852026212,-3.6394306537643004,cluster2,0
-0.8398227240698851,-0.6841906072949295,-7.9475665763715195,-2.1858366019400712,cluster2,0
2.8960329708657278,1.5259169647949928,-9.045669134508806,2.748765094007606,cluster2,0
-4.127919666214011,-2.4184081379210447,-0.27234084186137153,13.723658370927414,cluster2,1
-0.492691986917758,-0.4707451503509237,0.9592089094323524,-3.6809363151629597,cluster2,2
4.223367745311582,-4.844230280064835,4.255788547689874,2.1936867867643817,cluster3,2
1.3050988981054736,5.323552601502923,3.2489135885186653,4.959140806742826,cluster3,1
0.8290122250416365,6.2097208626944145,4.566871875567316,1.3444278919335417,cluster3,1
-0.6560121655837783,4.360915112191776,3.660838819566231,3.826367591086765,cluster3,0
2.8692603885032604,10.694311672280207,3.6377248509703404,3.8949831749552306,cluster3,1
4.035945473268254,-2.723227517465081,3.890390347540797,3.2012714162655005,cluster3,2
3.322160523186657,8.181238663422771,4.0002168504788305,2.89851104885543,cluster3,1
3.461747310811322,10.805009710780652,3.747355465926906,3.5953316978111567,cluster3,1
1.34538889587998,14.278641751632264,3.1247256802755534,5.303350786339268,cluster3,3
3.518438970427133,9.185114142847848,3.5347906906830406,4.17814274138148,cluster3,1
2.6008978650547983,-0.6505866663834787,3.4647528174003113,4.3701815479208,cluster3,1
0.8727122371583045,3.4699902256613653,2.7083143200613273,6.450895244806075,cluster3,0
3.047355220516274,11.589282800203819,3.373178527213031,4.620253091627324,cluster3,1
-0.5917468046633196,-5.26548881731029,2.987167988701271,5.677515730435841,cluster3,2
0.2418031161289207,6.645417711115652,4.497487998744342,1.5274708844549365,cluster3,1
1.4912652229519499,-1.7388176387876975,3.8087599616388133,3.4204016825291337,cluster3,2
2.873033840501951,5.485395311847635,3.613235544058364,3.9623244620226545,cluster3,1
0.12334511656309166,3.9280040175382815,3.8328446283919253,3.3563463437634953,cluster3,0
2.027480223385263,3.212972546565727,3.749419322602992,3.5895562180910847,cluster3,1
4.320623230545637,0.0069518253752236525,4.070858960193778,2.702583760782651,cluster3,0
2.9264494860882344,3.739177476171525,4.577821585271058,1.3112934249402988,cluster3,0
-0.17320335688192534,-1.6302147596436871,2.6373192770418736,6.642680466674719,cluster3,1
-1.8088333593023234,0.06765482370056253,3.6205766172957805,3.9379750875379624,cluster3,1
3.3806262130188647,4.742940057967713,4.003304357565937,2.892373419284353,cluster3,1
0.22169767184381262,-1.7955013167746054,2.918826827188231,5.868013930619754,cluster3,1
1.7728374984106066,7.209668722068544,3.149151614355552,5.232354614456744,cluster3,1
-1.2248575348040416,13.104635477777968,3.7124787706786258,3.692747688588212,cluster3,3
4.875120221317076,3.278993565357072,3.594331674445722,4.014610443466599,cluster3,1
0.10663634650468246,6.5640602013554314,3.406619264948296,4.529671603048954,cluster3,1
4.660057555962125,4.797112330329794,3.843279062946952,3.32242747807678,cluster3,1
1.2840171194875263,9.79049665725819,3.861209429344517,3.280565032674261,cluster3,1
0.2543903120275164,3.071161999853772,2.8855072421946595,5.963479480088256,cluster3,0
3.606228199908421,-1.5978665554919962,4.365355539908119,1.8936277133809978,cluster3,2
2.6877214404221785,-4.532310695327682,3.3157608740987348,4.776102348379926,cluster3,2
3.651858290225655,3.618450209548432,3.025440834994326,5.5740672783930965,cluster3,1
-0.4607907385473333,-3.8767245282199116,3.4063413320067184,4.526502807093622,cluster3,2
2.330601817043251,2.9590379786441137,4.237156904218262,2.240848779060618,cluster3,0
2.1888152033544914,2.5261719268774687,3.279825407015779,4.873932549137983,cluster3,1
2.9564096892309997,0.30600314755991453,3.043427497490253,5.527467039644987,cluster3,1
2.952743722302154,6.8389655041877315,4.1712977286076285,2.428829190861913,cluster3,1
2.0543828127840786,-0.11046413128617782,4.024252352377447,2.8316505376515897,cluster3,0
2.2377925166964463,9.151741987861996,3.427056560149116,4.478738695904918,cluster3,1
-0.4668751201010184,10.221546168043172,3.691273525073644,3.7501204567447433,cluster3,1
3.161713476579588,0.01682699534404719,3.364772306124536,4.646695254325252,cluster3,1
0.05454496296273903,4.962052389708718,3.1806289188728467,5.149172551014982,cluster3,1
2.8121167461684156,5.967888191103676,4.30529628109525,2.064649452704341,cluster3,1
-0.21951611056753917,-0.08914574104413875,2.3799181964944274,7.349288166614905,cluster3,1
-1.6954753077215328,3.887095225960259,3.715898789325337,3.6743639611640377,cluster3,0
0.5051919656461765,4.646216286317587,4.552771038114319,1.3798440173995616,cluster3,0
1.4884252739198143,3.5991844966387068,3.320138338603753,4.765937679679596,cluster3,1
4.932867622458726,6.808349561301502,3.721063481729741,3.664988390259992,cluster3,1
2.242991155185951,0.1916264462553645,3.829450556083691,3.3669127305205304,cluster3,0
0.036895040476704555,3.328853715989397,3.3747030445043738,4.615779825595255,cluster3,0
2.075090715066694,7.00059991881569,3.1013102935555894,5.362709921398052,cluster3,1
4.04722787480287,1.6222669680679846,3.745891222337007,3.594860357787618,cluster3,1
3.376618870785354,2.3431512728136488,2.9707045484518715,5.724482075628092,cluster3,1
5.26661641403143,3.7026418216160106,3.6588883638640675,3.83233581322303,cluster3,1
1.7685338240643718,1.6192862054865325,3.6393446040591386,3.8878701426844744,cluster3,0
0.5992956531352238,-0.009223862670698857,3.642830052580788,3.88246753591619,cluster3,1
4.349123457334611,3.004885190885232,3.3622979758269587,4.647455647064353,cluster3,1
0.43074133828326744,-0.3173800832590552,3.3054682009795364,4.808622823149315,cluster3,1
0.2997311330257002,8.790367274228045,3.2568520547660285,4.9417873806987,cluster3,1
2.21060093191515,6.113999444368829,3.9952298265811463,2.9101392305974034,cluster3,1
3.8564001393731533,3.012688244250087,4.121153597693922,2.564960078341948,cluster3,1
1.259024199428315,6.9082085528213195,3.11636794356596,5.324881728216207,cluster3,1
5.800364311961677,9.099619942448154,3.5558307378752367,4.119534961375686,cluster3,1
4.312166084131223,-0.7712564300686395,3.56234457896321,4.104376942963068,cluster3,0
3.9241898412121223,0.23833855837249152,3.7421213976582712,3.6074893318210473,cluster3,0
-1.0111487239612886,0.13598090282085407,3.322174276408078,4.760069346926332,cluster3,1
1.5779478542763676,7.37446328501669,3.7063849234439585,3.7058629947550967,cluster3,1
1.379162879078316,-0.5566047363610673,3.9827339726426545,2.9457428019302707,cluster3,2
4.2908000099318215,9.660639283215806,2.8280912743524063,6.117886706505761,cluster3,1
-0.6161461454493957,7.009274024128349,3.412853461321334,4.5108583766725845,cluster3,1
1.0212221570572855,0.755729331919017,3.7078373889132945,3.6971526992746577,cluster3,0
4.24883663303213,1.502648641464291,4.05043820282113,2.759197771383075,cluster3,0
3.2281367875984923,2.43745665933606,2.666104337933411,6.559386697388885,cluster3,1
1.886605295172222,9.97586526817701,3.196129476792933,5.104849355829813,cluster3,1
-1.0259537671863783,4.798765606641557,3.5544158121693155,4.122949958210151,cluster3,0
-0.772872475263354,-1.9387980569045915,3.4392032963462746,4.441862545180989,cluster3,1
1.014429971404357,-2.6871876409373385E-5,3.633529032056544,3.8983303259016355,cluster3,1
4.679798228261208,-4.8348340533810585,2.63979646053217,6.633954281292935,cluster3,1
1.9853692998476429,1.4138895610214304,3.81778394109798,3.4017926282605364,cluster3,0
3.7173255110315266,-1.5648963144192374,4.019147051742536,2.843262350240211,cluster3,2
2.9049607084991838,3.2443852696255195,3.667679576771742,3.8140230639088126,cluster3,1
2.476964786101554,1.221786677490906,3.3271258241342037,4.746667708941381,cluster3,1
-0.486215427650059,11.272857368018926,3.6830656505605464,3.7686792934116164,cluster3,3
3.8010081115939185,7.260084784068752,3.6566099674377206,3.838216647108852,cluster3,1
3.378583179615843,2.5949858656350493,3.1530167323793212,5.226567952885581,cluster3,1
-0.9771826577432035,3.8300096577373988,4.372212600826624,1.874840522969602,cluster3,0
2.0512261536172187,-1.7831532143908682,3.7343954492810485,3.6275306107445804,cluster3,2
-0.03718274116155018,-1.675143793199366,3.047280880467495,5.5167801889004915,cluster3,1
1.7015249752202068,-3.266056534432133,3.430867760976987,4.45461220315156,cluster3,2
0.4411733868843235,7.4436866125695005,3.241211864106112,4.983897819663032,cluster3,1
0.5352724433602685,4.884861248926447,4.3491871230360655,1.9432348152870553,cluster3,0
2.0399547506473192,1.280755202490508,3.535068562913419,4.174812380947291,cluster3,0
2.2836460759966735,1.2885194436920526,4.271304326817324,2.1517213086532863,cluster3,0
0.42730249677347576,4.955009350964043,4.262171737902442,2.184143205131201,cluster3,0
2.9004895100556225,-2.450810541577476,3.521192384505343,4.210964523899017,cluster3,2
-2.60566990926902,2.020856954399574,2.6548763983424566,6.592122110175676,cluster3,1
2.9568953421967286,3.995603911948824,4.223187003451566,2.287733441889904,cluster3,1
-1.543815806543007,6.318575910421229,8.824402781637414,1.7717379106278508,cluster4,2
6.231106666894064,15.199423203211879,12.050985644268003,8.691295159639957,cluster4,2
2.0688175489880627,8.317457295590202,13.73064950456316,12.288554170698342,cluster4,3
16.712089710786515,9.875596668236202,12.673543529588368,10.023051647239917,cluster4,1
4.694566108484716,3.3011651604893384,13.419995090033153,11.625206799328518,cluster4,2
4.72090721607676,18.045251405937783,12.024048682033403,8.631027193354992,cluster4,2
6.613082287267506,15.429423677428073,11.297962595979282,7.072002293766648,cluster4,2
1.764790800581579,1.411138001360559,9.648356815922472,3.5346983014780724,cluster4,0
3.8746638209894835,15.406774637140769,9.223344617170108,2.6251313766236892,cluster4,2
-1.1417115766842452,12.946514059111136,16.533241670395753,18.298859118148386,cluster4,3
5.772499613190421,12.097157965565469,11.212694169474506,6.88883196865023,cluster4,2
-4.379602034586322,3.1738811721629396,13.36801746587384,11.514543332144399,cluster4,0
1.5750405485182375,5.102704563722101,7.788534556307085,-0.4514528261701263,cluster4,2
13.297906617074068,16.22683482498886,13.849223680051843,12.543371538833672,cluster4,1
9.221723566279863,16.921120790407045,10.979131249520698,6.3936806193664,cluster4,2
2.8058951001164316,8.726185542996928,13.846426293572868,12.541437759346922,cluster4,3
8.809662396344866,9.192901742087162,9.560526388378777,3.348958297929425,cluster4,1
1.4530212023572107,7.558168785075389,11.423484730349706,7.344851492385287,cluster4,3
1.3260621499387932,10.18220747169507,6.647860350387238,-2.900408631661074,cluster4,3
7.970016998225891,11.06639433841077,8.121272600207211,0.2552813844072359,cluster4,1
1.8692680102388848,5.648150114292779,8.986657938971328,2.1152647550777806,cluster4,2
6.845483163149737,15.319586229432591,13.789039571946583,12.41334960383334,cluster4,2
4.92565439686677,16.5239401808417,8.691943217980999,1.487956696049567,cluster4,2
3.6391395988211106,16.231491735529698,14.13861401836966,13.164257619913768,cluster4,2
7.984002947208544,10.481631501995805,11.9306644004507,8.425780593732554,cluster4,1
5.419632426500624,12.298712399372334,15.770394690832218,16.662290000496913,cluster4,2
1.1518993254120762,6.9507725603849,11.734395831686887,8.01180412131102,cluster4,2
2.2108644576840533,12.118623356781898,14.88733776282556,14.769830904473915,cluster4,3
6.049521214329503,9.10866484851453,13.880668395364918,12.612311709453065,cluster4,2
0.9719849919932861,10.769729733756979,12.06611087493601,8.723830481781397,cluster4,3
2.3640659387018337,7.144781278215902,-0.26129823395111007,-17.714918007738643,cluster4,2
3.698638313763452,11.916635769116889,8.087601161129475,0.18815477866949326,cluster4,2
-5.408285683889867,9.72140238489849,14.064719658851313,13.00641218572079,cluster4,3
4.6773685290223534,6.979413440938792,1.9909698396781996,-12.885859098760735,cluster4,1
8.589548582641266,7.0765897211478705,9.875277084917894,4.028014536495096,cluster4,3
8.272376381175121,6.741015061630545,13.951101321699024,12.765667189124134,cluster4,3
6.049795498152785,5.105872019780825,17.574608785757608,20.53521971242235,cluster4,3
5.713008225118302,15.292665295853672,16.297927302052972,17.793686521881238,cluster4,2
8.984914028475302,14.254895009206374,13.017848781105423,10.765469750897287,cluster4,1
5.229003282814663,14.431050318251003,5.0806594508524805,-6.258139739951522,cluster4,2
10.32315499174651,14.933641888269321,12.814698260289028,10.323987473350707,cluster4,1
0.13920703071913465,15.723748609897102,8.4824922501622,1.0343141726154004,cluster4,3
1.3270355139719094,13.246092497418818,4.622712011401266,-7.245464273618452,cluster4,3
5.1574002341268175,12.320727807913826,15.556699024814572,16.21186654568426,cluster4,2
4.183659667065097,6.238462569766518,7.421385367741557,-1.236825820623071,cluster4,2
0.8760369266786432,8.284425524124405,12.755746234790362,10.198171411646825,cluster4,3
9.659824575130177,12.29806564086899,11.613364024311483,7.750370462968938,cluster4,1
6.1121164756512325,12.79063895622252,4.419583651360535,-7.674893209207383,cluster4,2
7.062999841426404,7.363095778286347,14.520172927410194,13.98558130515366,cluster4,3
9.911920762525728,12.719749693330817,9.944280766625102,4.16790608567462,cluster4,1
5.975627316850704,5.203842018025074,16.822591220418957,18.919386288902665,cluster4,3
1.1639050062164218,12.090269275373831,5.857053736727245,-4.5923619712594,cluster4,3
4.3767070282398075,6.16991625711519,9.446967121593572,3.106441367953965,cluster4,3
1.831716747819336,8.117851296576339,9.612564589636065,3.45757806000265,cluster4,2
7.848337855329482,7.937846661442016,10.921357797292604,6.263778689987732,cluster4,3
2.654845475820786,7.7327966155473575,5.6190473821751,-5.101270602946752,cluster4,2
8.692005702461739,5.699937163630898,7.004593937793626,-2.130356838390574,cluster4,3
5.427866866109828,10.936865030876929,6.270736612797738,-3.705649586927145,cluster4,2
9.809327420350456,8.977911841318672,11.53280135847277,7.577622163073187,cluster4,1
6.8080292169491194,7.686485813941587,16.378312053787432,17.969901268615235,cluster4,2
3.2169844782169177,8.581298354945991,7.946017733314777,-0.11300996725938939,cluster4,2
8.626804881979508,6.715751983544688,13.49632357974361,11.789214015817485,cluster4,3
4.6323330105373195,12.553700976919487,16.412274579628786,18.035338322247974,cluster4,2
2.780731728288938,11.636058558426186,7.94051911048784,-0.12401955424933231,cluster4,3
-1.0631108792416155,3.871516049297047,9.612885710651277,3.458546682117432,cluster4,0
4.170330258507993,12.305638862005694,20.676385301366956,27.180579579440405,cluster4,2
5.401814384805593,11.89893651309919,14.779470114204123,14.53912130744833,cluster4,2
10.471929818486739,12.41575094117573,10.295352521454973,4.925712825486331,cluster4,1
7.9191294309954285,4.955931261855482,11.749698170375478,8.042335630120558,cluster4,3
-0.762706850039975,8.419806751587064,7.235832885041784,-1.6407922180885768,cluster4,3
1.475871302234165,6.5307510473110995,10.37127104782032,5.087990714398813,cluster4,2
4.294419601906217,9.497202379194832,1.581355610589923,-13.7676987212736,cluster4,3
4.756268764157565,12.084171079774723,12.753445261945725,10.192747110454146,cluster4,2
7.97227337323757,9.887545640803571,11.882386605959045,8.328480489439748,cluster4,1
4.840810510997657,2.818478694147646,12.35844216845846,9.344857091908459,cluster4,2
5.702452743982592,10.1919427965741,13.669308116425801,12.15944874146545,cluster4,2
14.209141740220884,12.19377601063752,16.785265534565422,18.837843719401867,cluster4,1
-2.744360940230993,16.79375100384214,10.383614672211445,5.106937888774555,cluster4,3
2.818420695023412,13.346060593510146,14.957312344265564,14.919374412116287,cluster4,2
8.57155923691519,6.069352156008657,16.651513389739012,18.551035327299036,cluster4,3
0.2583218216478418,8.374060566979129,4.951797376422283,-6.536949542933989,cluster4,2
7.636397325122918,11.909708899968736,8.319689565426161,0.6854219194119882,cluster4,1
0.6766898431859536,8.782564950179268,12.97008856854351,10.65600487205991,cluster4,3
5.0731498432450515,5.849028396223872,7.419395205021066,-1.2445362413422876,cluster4,3
3.3798887086390508,5.562333791279203,14.084616156676859,13.048285526111888,cluster4,2
6.312671376150471,10.831346581752932,19.334509586243005,24.308740330465007,cluster4,2
4.55119496059254,3.9587553228826957,14.549753676721496,14.046106599448729,cluster4,3
10.604526533888496,11.144095421126897,7.699135484477282,-0.6438060552657885,cluster4,1
9.176766427083304,18.011171093106114,3.371624499935978,-9.924424138513547,cluster4,2
11.627045398416623,4.290684264854869,12.865677813395891,10.435323206184004,cluster4,3
10.618252338156921,5.877219142336986,0.6407990014875002,-15.78148094300844,cluster4,3
9.155042653502466,6.190719950110441,17.04921146296979,19.40859605089873,cluster4,3
2.605613393085067,18.363548354815315,7.320406510531882,-1.4562821750047072,cluster4,2
9.250796298284566,6.975520506130028,7.842705328920864,-0.33688802881555047,cluster4,3
1.9408594241709851,11.96082980563874,0.9732557207832535,-15.066265111818899,cluster4,3
-1.5375854796324866,5.9988551148020335,7.061811240282918,-2.014386002088017,cluster4,2
8.6600188392986,4.054932093483788,12.980044425086316,10.677660146302529,cluster4,3
13.08034448169613,3.6350838458997012,12.016288466617446,8.617565671338465,cluster4,3
1.1694742565663852,6.489450739701697,11.687549511388081,7.910219656645127,cluster4,2
1.0716013915336067,15.193420987844982,6.704347321509952,-2.7797226582993106,cluster4,3
0.6281265701571597,12.573282794271291,7.259820948806436,-1.5870788855928264,cluster4,3
5.289460682246407,8.986551119118218,8.742367650776172,1.5929661490060476,cluster4,3
1.576696912006751,9.427368016066982,4.27659086378892,-7.988076719370039,cluster4,2
5.549557209743364,11.775347564469094,14.299770540919395,13.506391217858745,cluster4,2
2.4474903532884107,9.791934828612273,6.7013338884131075,-2.7848260338873625,cluster4,3
5.525858380783836,16.011532826746134,23.298231143368398,32.811020064801895,cluster4,2
6.149202084730462,10.651120606534969,10.826633206732112,6.064815042858418,cluster4,2
5.80338047229394,14.427499262952928,7.852615389440926,-0.3160658722365559,cluster4,2
5.874129004777391,18.954861662099653,12.017010620406438,8.612202228243357,cluster4,2
9.912373139640717,13.453819202143354,2.9055585503781676,-10.9247601355138,cluster4,1
2.8172096303879277,6.593611272357222,14.893082597797381,14.780856109023395,cluster4,3
5.5207688855785655,5.558270646535284,11.30982654078407,7.0975177488187615,cluster4,3
3.707358740476703,10.862216505606511,9.171388053820587,2.516290539169581,cluster4,2
10.67044180651256,14.641769813025686,15.189382757133568,15.41952139314343,cluster4,1
-3.2736508472445927,10.150123711901912,16.233870527447827,17.657073232453506,cluster4,3
1.9321521903164935,17.423022904793058,13.015361698754148,10.761176437882856,cluster4,2
4.337075279018811,8.677820189727543,13.09311342953783,10.922855053052407,cluster4,2
-2.3786690843331098,20.283597991684182,5.936145990522877,-4.428203357615269,cluster4,3
2.5020557045968763,7.443396588086641,8.020311389438744,0.04651178839204606,cluster4,2
-0.1305464823419351,9.834792966490216,9.656627537809143,3.5540519359573706,cluster4,3
0.2886549435944694,9.946627710826123,7.3167176125001445,-1.465363742232215,cluster4,3
2.9279203668304135,9.82013959916914,8.558009144915385,1.2026506518216924,cluster4,3
8.051104422241636,15.097835514232848,9.121287599506735,2.4056913526863255,cluster4,1
1.6528479168988977,12.20073975566023,13.265314451770154,11.291764508483265,cluster4,3
-6.152230468683866,18.160654686744046,13.196036988490846,11.141096205632135,cluster4,3
0.9660790821838856,9.686825496947256,7.555895745055453,-0.9507197716303941,cluster4,3
7.176043948941972,17.252531103386033,11.403702681112115,7.300694082286382,cluster4,2
4.656124013503551,18.258174877804688,7.67090440346276,-0.7085880355659597,cluster4,2
3.7689523580604036,9.237021979074752,7.966441545639907,-0.07178371509439785,cluster4,3
1.114209619754329,9.963266066069492,6.929424162395076,-2.2976397903942196,cluster4,3
10.460233892867903,9.387939606009738,9.863490006451233,3.997133849812037,cluster4,1
9.197093279727323,7.914573529399767,15.306522218204842,15.670386553261949,cluster4,3
4.913843553191117,14.735078350821535,19.73451939413829,25.164176604861204,cluster4,2
-0.9117756649473483,-0.80524828290614,10.338017866623165,5.0137818923942445,cluster4,2
7.3077891343202435,6.158537001288813,7.834644851576621,-0.35707959297619984,cluster4,3
4.836122297345669,17.07820788949188,11.081551562167661,6.606491926381105,cluster4,2
13.465290871071598,8.693162008817263,18.005610005604314,21.459457695143456,cluster4,1
11.50066378366659,10.567874226126929,20.083472858697473,25.91182970387474,cluster4,1
10.753175501352253,14.595672057083375,5.025844611207884,-6.372287252666311,cluster4,1
0.9957183809518502,12.457908718162937,8.2442490275117,0.5208581718864154,cluster4,3
7.595455597995805,8.277803502856639,11.500321483003106,7.509683928208153,cluster4,3
6.093357231219214,11.417135501115549,13.191968906786158,11.132522027539029,cluster4,2
9.82561318380223,10.966833148974958,9.09226509872984,2.347537861524502,cluster4,1
4.263613309842903,12.848667962428475,7.75822858314482,-0.5176160854651792,cluster4,2
3.3160341340693535,7.187403200375622,8.264130003845347,0.5704013138102577,cluster4,2
-1.9163753271386499,13.631539035293896,9.326711192802165,2.8453972575818858,cluster4,3
2.045928025906062,5.111741471203372,11.547869787843288,7.611497723976875,cluster4,2
7.122651399985806,8.507668895016586,10.39728065124476,5.143649286674446,cluster4,3
11.937665825727628,14.389317967143313,9.982674132294143,4.24896232824368,cluster4,1
7.724260718784505,-0.3498148906568215,1.922920296479492,-13.031142425432959,cluster4,3
0.6641947419212944,11.258662429264364,16.094744022478235,17.355937606259673,cluster4,3
8.510557233598039,6.905373372007256,11.229873429144536,6.92564946470508,cluster4,3
4.576259000706685,10.41395866645515,7.3481870978354955,-1.3983903039562204,cluster4,2
6.49044440650315,12.906354969463813,9.921396707297406,4.11768268028599,cluster4,2
4.1067234422828305,3.3553872389868857,8.492226582377711,1.056571871342006,cluster4,2
4.46000646672618,8.953576668760622,8.002109709891478,0.008701540334822955,cluster4,3
-1.1305456108136598,14.490390504393599,6.15412149240319,-3.955629973031283,cluster4,3
3.476405273377094,-0.43048547880079724,7.724429244170123,-0.5927105942429689,cluster4,2
9.339298982398951,8.070238661449045,12.651141574160434,9.97499802612279,cluster4,3
5.1775860397386815,11.551983210600454,12.068218775284198,8.725829223355527,cluster4,2
0.19725705042490826,8.297706567198768,15.060352133895755,15.145333732253409,cluster4,3
-3.2983213028033713,14.218630806616407,17.625213028758964,20.639818585009273,cluster4,3
4.428536883906788,5.8502202253003555,2.9161784445818304,-10.901411033633577,cluster4,2
7.770904750871082,10.857792629003546,13.365468393753922,11.506235200961623,cluster4,1
6.875953700007484,5.155877316134964,13.334092596204606,11.437785259815513,cluster4,3
6.988400541083231,13.356805030243946,11.181684256207106,6.8248238257738585,cluster4,2
8.724684147568444,6.551833684214596,4.014291339123979,-8.545923960496005,cluster4,3
2.9362827882607228,16.740112628687548,10.079752278834473,4.456122044705405,cluster4,2
2.9373757205672275,4.706211238642445,13.494858941962661,11.787257512457316,cluster4,2
8.290475042924065,3.7118621254897954,6.76617805691819,-2.647335308953041,cluster4,3
2.9548151773405427,9.901577870436972,13.803105505167068,12.44473382951266,cluster4,3
-0.9813949327189535,5.985561954544565,16.006490436876557,17.170992974893164,cluster4,3
8.435572012003789,8.01731291098324,14.841420745048843,14.676309362268857,cluster4,3
3.5353509078344905,8.829519546066225,9.092242413126058,2.3460755062730616,cluster4,3
5.540341487802024,11.887386194582316,10.06697054279622,4.436280520322568,cluster4,2
1.5028505388308027,5.955948884395738,11.177380946359401,6.810120381384957,cluster4,2
3.520881145693304,5.404766458921117,8.747215252088166,1.6006419958659168,cluster4,2
0.9476243274389007,5.563740617981814,12.302059456243267,9.226054426029444,cluster4,2
9.702577837551072,7.915199073640283,9.569934399793816,3.3692445882838857,cluster4,3
-0.49238079074419616,11.208972977372067,9.438588990972375,3.085493136205205,cluster4,3
4.190969010254015,7.10407614768372,3.5574553307835957,-9.526531621111392,cluster4,2
10.994668414247261,3.4100050932460144,11.896952609515942,8.358947260189387,cluster4,3
1.9647525805080002,10.73120337376895,5.1708740416035734,-6.0676139134875235,cluster4,3
-0.4762254925188687,9.265529910767427,14.359662650699729,13.637057362493422,cluster4,3
-0.1576700302969929,10.378702548685242,2.9549248980941605,-10.815182767307613,cluster4,3
8.617018943102586,10.022319848138517,13.36550205244081,11.50769732293097,cluster4,1
7.284829608804436,6.19503135818119,6.139792938855137,-3.9894578951753177,cluster4,3
11.317774427251033,6.207674490538215,4.106286500419602,-8.346396884119542,cluster4,3
11.23440370603425,7.580277001742629,9.118580186908638,2.398178944004386,cluster4,3
0.22270956991649005,8.596238627597955,15.275773484872033,15.601263667902094,cluster4,3
-1.6533527621620623,9.310588247532579,11.847296737476208,8.251567532237186,cluster4,3
13.891619470950062,15.265758674528803,9.505487700456108,3.229499554022096,cluster4,1
2.244953377780973,4.102715899425729,11.891020552996885,8.344027830490568,cluster4,2
10.672153959938013,5.692597221760987,5.429822464002459,-5.51518263852928,cluster4,3
4.983416703554538,6.123660358930248,7.783980810157965,-0.46134137452177315,cluster4,3
14.62583220971427,4.1764440562273215,12.896723689372426,10.503920969216281,cluster4,3
5.303573336091519,17.774285007855116,9.817471241311706,3.898700143743986,cluster4,2
9.09745998728138,8.418449612960096,7.310037032759088,-1.4785460639049555,cluster4,3
3.2243440110256296,13.625995254338255,7.822664275344126,-0.3821446580112724,cluster4,2
2.7624880575486053,5.987066228111841,10.327561001735539,4.994506679369794,cluster4,2
5.488874929509273,12.76789382790894,2.141666067113823,-12.558766363114472,cluster4,2
1.6703735302761316,3.5682114121321478,9.976968581006721,4.2374590982334475,cluster4,0
4.747810723407012,8.6179552966886,19.933695179536215,25.598262362047315,cluster4,2
5.92246912072981,15.0420317955368,3.7243866932694885,-9.16748431032439,cluster4,2
4.596094019623399,15.946771456371945,9.813509311273856,3.8896627205757395,cluster4,2
4.598332124878149,6.925004416557562,14.500668840463105,13.942536367877494,cluster4,3
2.722307339581667,13.074469665359329,22.574085009896052,31.259433579040017,cluster4,2
-2.873991553213366,13.237743933236363,-5.148438878304114,-28.19355014181173,cluster4,3
8.236918887048436,10.362514646702204,19.034002801649937,23.66151178901135,cluster4,2
1.537778625821987,2.018597473480308,10.586983050206062,5.5454462503774105,cluster4,0
7.126211130220818,13.343467986089733,9.664771623834842,3.5706059779961437,cluster4,2
2.9075467208368675,11.91016384250815,14.529628403835662,14.006513314910183,cluster4,2
6.471759420518751,3.572092883817371,8.640056722225115,1.3788355790543374,cluster4,3
6.182610386346031,14.3670799720026,10.350162156280806,5.041520862016828,cluster4,2
6.871079342319824,13.748053835302144,15.764295361992232,16.64848881953627,cluster4,2
0.8065027860997542,9.796399654813449,3.979215841510482,-8.620627193394306,cluster4,2
7.594507542630538,9.40009042966251,12.221544535582744,9.053534977717932,cluster4,1
13.203393744470384,9.042856402763805,10.321521094606254,4.982248240884672,cluster4,1
4.372888869931567,7.124172462896721,13.971322343976057,12.806742916669304,cluster4,3
5.477396711089306,5.101389039619261,18.22131454964141,21.919727905145223,cluster4,3
-2.385386643138772,14.11192668943427,10.838970515640218,6.093478762112097,cluster4,3
5.725450041196941,15.523649881386854,11.987077814455212,8.551907064736442,cluster4,2
6.8484265327687,13.64746263484509,7.4640909612385045,-1.1480011794066995,cluster4,2
3.528007112058299,7.2046261030113765,5.297883395769701,-5.7938245555975385,cluster4,2
8.759841796300407,3.2318041153658177,14.108285538186841,13.102725754142147,cluster4,3
4.836576537020342,8.292060365323298,4.827711600598004,-6.800042225834596,cluster4,3
3.6539940044286734,10.071208939852957,7.824720768098311,-0.3742543758479209,cluster4,2
3.2237766885813794,13.098727551728615,14.27844388624926,13.46640196871224,cluster4,2
7.680043346568183,9.181713411839766,0.22982603986932482,-16.660480239134607,cluster4,3
2.5863319412779067,7.2648471298346955,8.147670180744612,0.3176347126604706,cluster4,2
8.59890659391421,12.568613336101187,3.7002358537957862,-9.22305414903467,cluster4,1
5.002526738839576,13.124468038371939,7.16571997726842,-1.7917280404464604,cluster4,2
4.387855634755396,8.672777168337468,8.290788906442259,0.6243720690308789,cluster4,3
6.976110394916665,23.61313273309801,20.124003859428413,26.001282070620235,cluster4,2
0.14720309204227355,13.851986329178981,8.092497633967243,0.1989626066134491,cluster4,3
-1.5998455756157615,12.992002527835805,14.753638762213301,14.483887041578743,cluster4,3
6.8934220121271945,4.690156580916606,11.61035396169692,7.744405185012656,cluster4,3
8.236147031170827,6.18500274633656,6.620249339552749,-2.9581140913948736,cluster4,3
10.903363478295471,13.524638093670394,22.467552794099106,31.02435313752089,cluster4,1
7.294601566194789,7.234114426557252,13.24111758407063,11.239045455178516,cluster4,3
-0.5034750035443238,8.286440603039367,8.924075472774978,1.9850584822421302,cluster4,3
9.274568343870966,10.131711483582055,12.474306059112148,9.59279347611956,cluster4,1
3.8591965432447966,15.985904059989728,12.359356303843944,9.351188041415876,cluster4,2
2.908349315952532,11.263512012062296,7.4041543606928215,-1.2747454644097715,cluster4,3
5.2988326962960315,8.089384160558343,20.05584529964867,25.85659436144632,cluster4,2
7.256540899428113,4.433272750309745,13.30064641618112,11.366845103152263,cluster4,3
9.261327895585842,13.830661181325402,17.36036521590613,20.074895646043043,cluster4,1
0.024217134883512514,2.4345665480477896,5.754834155430393,-4.810959310035587,cluster4,0
-0.892338203052228,5.70883574821345,12.988884764276133,10.696005620020918,cluster4,0
0.038586608764019203,3.907090215367795,6.387867746576704,-3.459700373193897,cluster4,0
13.153289937112634,4.625880314689721,8.716680326627177,1.5370137724324406,cluster4,3
2.4216673202968684,13.480515541929613,9.622199163497136,3.4792337993885125,cluster4,2
7.578837572871237,12.873877898798646,14.812486126173166,14.60986695871517,cluster4,2
10.576278303944598,11.676930990322125,10.0363167295463,4.37089165963288,cluster4,1
2.4844666199965935,17.103981234826623,11.700677176228599,7.938444823994962,cluster4,2
0.8607854152566596,8.113683873352134,9.194667517389824,2.5621763647732347,cluster4,3
13.614082723293569,11.707303780585049,9.650141949220941,3.539239853518676,cluster4,1
8.196814727659987,9.213644692105996,6.825026439212147,-2.521417154385322,cluster4,3
-4.900718980267566,6.776784574119125,6.358614442995656,-3.5228480327606873,cluster4,2
5.8821238995477145,13.110769533676828,11.104928441239974,6.659030630533081,cluster4,2
1.5413874266977206,13.06319304543662,17.175140559454203,19.67618497816906,cluster4,3
4.096691943263572,6.170896352323805,12.106826762991119,8.806325465965827,cluster4,3
1.3414306705559125,11.401329577577075,5.520495960656412,-5.31602879377599,cluster4,3
-0.513244971987115,7.27103372278374,7.619448854249491,-0.8127245487967176,cluster4,2
6.896334290069664,12.987451768294848,16.30527624498413,17.81296852549677,cluster4,2
-2.2395414378759257,12.426458464129002,2.1826398117890182,-12.473678901202547,cluster4,3
3.7835029970980028,9.388479879431708,5.897559171777417,-4.506925779943857,cluster4,3
2.4093250137000517,13.195565969815494,7.376820449292618,-1.33863317024713,cluster4,3
2.55157563940461,8.31762466583693,8.030784081258492,0.0676238317120128,cluster4,2
1.6474820531406795,16.446973209621266,5.344599781179521,-5.689480916416072,cluster4,3
2.1528202467948097,7.37322221550102,16.072893544128938,17.313493225728827,cluster4,3
10.470755279437595,5.797568127169455,7.236348122572973,-1.6377080733637714,cluster4,3
6.807234291735059,8.552388975081064,15.11267383538561,15.25465098122469,cluster4,2
8.046414165507514,9.176260215809176,2.407809044677145,-11.989124887318443,cluster4,3
2.0773375747904597,2.668050604335634,15.143263267482322,15.318538509354664,cluster4,2
5.466153505333663,12.60510466962463,3.5800510400566363,-9.475688160562923,cluster4,2
7.059972933515134,4.1189714986284045,14.225086179477255,13.352101142309323,cluster4,3
-4.019413592268158,8.134536140122805,17.780443188372097,20.97179449210491,cluster4,3
1.1794427426590173,9.024678565159554,11.076074923048969,6.595481722275542,cluster4,3
3.7715188150283416,10.154590337909928,0.9175740740003286,-15.186008326976713,cluster4,3
12.422904600890512,12.387504623737401,18.87934714645567,23.329340259593966,cluster4,1
5.194659685299137,11.943729834598122,6.069459915872504,-4.1398694679905095,cluster4,2
3.7337976138585125,4.785300548804151,2.9800653398996784,-10.767206867976283,cluster4,0
4.83989487598937,9.546406501176468,17.158399038802877,19.640820874197406,cluster4,2
2.784526047563373,11.633755544309956,14.722896053267627,14.415604732699645,cluster4,2
4.163659102911711,8.980566941495567,14.944936847612459,14.893221371698269,cluster4,2
3.339920062308146,5.537235308486379,3.462490051248515,-9.727602424668316,cluster4,2
6.937975310605398,13.589852813111445,14.208606146346565,13.316446209787395,cluster4,2
0.3319205451144214,8.800070492613102,10.312863820585212,4.962400027737933,cluster4,3
10.929424868993761,13.025720393545166,6.754594729887668,-2.669764332713454,cluster4,1
8.333952430539847,4.325166076826102,6.807364466658899,-2.5601449136352237,cluster4,3
-1.2288595809886669,5.107269915597282,9.572374647464766,3.3737345275435997,cluster4,0
-4.262365733980662,12.190843754561495,9.206595559620645,2.5871714321244403,cluster4,3
9.410205515315337,17.212421985726046,5.312213231530457,-5.765934115799231,cluster4,1
9.263330627154609,8.493620243289737,3.1834546540465767,-10.326313478907874,cluster4,3
10.688567261552473,11.998271248192317,8.473649021181256,1.0092838571341258,cluster4,1
5.335972822613584,7.245795038886998,8.12401932832823,0.27029309155985803,cluster4,3
0.1860333589810228,12.959058149580324,15.783565684737654,16.692296144284246,cluster4,3
2.8994501737261436,10.728527916606783,13.628425073302942,12.076483781643455,cluster4,2
14.305518281062492,9.781560922589707,9.880463809311914,4.0371102111276596,cluster4,1
2.230141424412708,18.589125623845764,6.603172169242127,-2.9962176350724614,cluster4,2
10.511672396003263,10.967895630396166,15.224242656193985,15.498136460442044,cluster4,1
0.9983052651792526,6.14956778744526,11.709868650149248,7.955611247090933,cluster4,2
3.519086445876791,7.8750781639011675,6.191364685545034,-3.877893466864208,cluster4,2
7.407699145244482,11.7991995530456,15.47604408758643,16.030315058423735,cluster4,2
6.0346327494309415,9.858393464466193,13.713312963550383,12.251828717995155,cluster4,2
3.6726842234313657,10.944409839391819,14.846304439363005,14.682758563547953,cluster4,2
3.4960819397424543,12.860183500760034,8.50970307611177,1.0961054561548549,cluster4,2
1.487693909476393,8.945961088703896,9.84360620615874,3.9477012655846293,cluster4,3
7.270753108900338,6.8217412268773225,11.400215610268228,7.288464868609918,cluster4,3
-0.5340188360650373,19.294242601983797,14.548882437921314,14.044342182799431,cluster4,3
-2.4533281466262347,9.435234515884284,11.768915176545198,8.082271798070806,cluster4,3
7.511224261856563,8.003290454316609,16.1767043964456,17.539316724154297,cluster4,2
4.5884323589525255,4.981430573892813,12.572096324485003,9.807485169594624,cluster4,3
6.90079553370011,11.358002027977514,9.431497328931913,3.066437783895069,cluster4,1
0.18217055418631656,7.172784630792533,11.586397065463107,7.694875464337729,cluster4,3
4.404083794639262,10.745126539619081,6.0872291896835735,-4.100948048673738,cluster4,2
8.950194466127378,11.974760489012123,14.973305677270936,14.958028426904136,cluster4,1
1.6732343118340642,17.79347691993133,15.318804861083018,15.694444541731272,cluster4,2
8.680677357792074,13.011252754992931,13.16654206697607,11.07536539181964,cluster4,1
8.47157169110883,7.55967465202948,17.099251442541462,19.516589642619234,cluster4,2
8.413128863208119,9.405724512045225,17.629781479883928,20.654990097469017,cluster4,2
6.041945404020497,7.976118982317747,5.434935139128726,-5.500109358268161,cluster4,3
0.4413563934194249,9.69036833404266,5.640144482705531,-5.063565696386824,cluster4,3
2.833185895793799,15.63740425886077,7.177906321978092,-1.7592118949767015,cluster4,2
-2.670844169476956,16.527098770609328,9.67427389225256,3.5930251767056034,cluster4,3
7.978825308549327,12.750967146241786,11.885041325906432,8.337264856314615,cluster4,1
2.2014613303238653,9.715406928226736,13.726418071981591,12.284883296965052,cluster4,3
3.956773417033638,6.703606697208784,8.022653784247337,0.051658310518914785,cluster4,2
14.530532172740685,14.041445935876553,4.905004571999403,-6.634190448272205,cluster4,1
7.105904280345245,7.501173490519145,8.79326365419355,1.7028614140995368,cluster4,3
11.79644963448775,17.01222114282062,12.80005683589378,10.292208157037505,cluster4,1
8.359400098817424,8.418477560751057,12.656704901111105,9.991184664846338,cluster4,3
